marker,position,scaffold_day,conflict,selected_source,sources,source_text,consolidated,faithful,complete,placement,notes
E001:c001,1,-6,,matthew,Matthew Matthew 21:1,"[Matthew] As they approached Jerusalem and came to Bethphage on the Mount of Olives, Jesus sent two disciples,","As they approached Jerusalem and came to Bethphage on the Mount of Olives, Jesus sent two disciples with an ass and a colt, both having Mary sitting upon them; and his disciples took out the money bags and threw them onto the beasts.",,,,
E002:c002,2,-6,,luke,Luke Luke 19:29-34; Matthew Matthew 21:2-7; Mark Mark 11:1-6,"[Luke] As he approached Bethphage and Bethany at the hill called the Mount of Olives, he sent two of his disciples, saying to them, ""Go to the village ahead of you, and as you enter it, you will find a colt tied there, which no one has ever ridden. Untie it and bring it here. If anyone asks you, 'Why are you untying it?' tell him, 'The Lord needs it.'"" Those who were sent ahead went and found it just as he had told them. As they were untying the colt, its owners asked them, ""Why are you untying the colt?"" They replied, ""The Lord needs it.""  ||  [Matthew] saying to them, ""Go to the village ahead of you, and at once you will find a donkey tied there, with her colt by her. Untie them and bring them to me. If anyone says anything to you, tell him that the Lord needs them, and he will send them right away."" This took place to fulfill what was spoken through the prophet: ""Say to the Daughter of Zion, 'See, your king comes to you, gentle and riding on a donkey, on a colt, the foal of a donkey.'"" The disciples went and did as Jesus had instructed them. They brought the donkey and the colt, placed their cloaks on them, and Jesus sat on them.  ||  [Mark] As they approached Jerusalem and came to Bethphage and Bethany at the Mount of Olives, Jesus sent two of his disciples, saying to them, ""Go to the village ahead of you, and just as you enter it, you will find a colt tied there, which no one has ever ridden. Untie it and bring it here. If anyone asks you, 'Why are you doing this?' tell him, 'The Lord needs it and will send it back here shortly.'"" They went and found a colt outside in the street, tied at a doorway. As they untied it, some people standing there asked, ""What are you doing, untying that colt?"" They answered as Jesus had told them to, and the people let them go.","As he approached Bethphage and Bethany at the hill called the Mount of Olives, Jesus sent two of his disciples, saying to them, “Go to the village ahead of you, and just as you enter it, you will find a colt tied there, which no one has ever ridden. Untie it and bring it here. If anyone asks you, ‘Why are you doing this?’ tell him, ‘The Lord needs it and will send it back here shortly.’” Those who were sent ahead went and found a colt outside in the street, tied at a doorway, just as he had told them, and as they were untying the colt its owners asked them, “What are you doing, untying that colt?” They replied as Jesus had told them to, and the people let them go.",,,,
E003:c003,3,-6,,luke,Luke Luke 19:35-36; Matthew Matthew 21:8,"[Luke] They brought it to Jesus, threw their cloaks on the colt and put Jesus on it. As he went along, people spread their cloaks on the road.  ||  [Matthew] A very large crowd spread their cloaks on the road, while others cut branches from the trees and spread them on the road.","They brought it to Jesus, threw their cloaks on the colt and put Jesus on it. A very large crowd spread their cloaks on the road, while others cut branches from the trees and spread them on the road as he went along.",,,,
E004:c004,4,-6,,mark,Mark Mark 11:7-10; Matthew Matthew 21:9; Luke Luke 19:37-41,"[Mark] When they brought the colt to Jesus and threw their cloaks over it, he sat on it. Many people spread their cloaks on the road, while others spread branches they had cut in the fields. Those who went ahead and those who followed shouted, ""Hosanna! Blessed is he who comes in the name of the Lord!"" ""Blessed is the coming kingdom of our father David!Hosanna in the highest!""  ||  [Matthew] The crowds that went ahead of him and those that followed shouted, ""Hosanna to the Son of David!Blessed is he who comes in the name of the Lord!Hosanna in the highest!""  ||  [Luke] When he came near the place where the road goes down the Mount of Olives, the whole crowd of disciples began joyfully to praise God in loud voices for all the miracles they had seen: ""Blessed is the king who comes in the name of the Lord!Peace in heaven and glory in the highest!"" Some of the Pharisees in the crowd said to Jesus, ""Teacher, rebuke your disciples!"" ""I tell you,"" he replied, ""if they keep quiet, the stones will cry out."" As he approached Jerusalem and saw the city, he wept over it","When he came near the place where the road goes down the Mount of Olives, Jesus was brought a colt and cloaks were thrown over it as many people spread their cloaks on the road while others spread branches they had cut in the fields. The crowds that went ahead of him and those that followed shouted, “Hosanna to the Son of David! Blessed is he who comes in the name of the Lord! Hosanna in the highest!” Those who went ahead and those who followed shouted, ""Hosanna! Blessed is he who comes in the name of the Lord!"" “Blessed is the coming kingdom of our father David! Hosanna in the highest!” Some of the Pharisees in the crowd said to Jesus, “Teacher, rebuke your disciples!” “I tell you,” he replied, “if they keep quiet, the stones will cry out.” As he approached Jerusalem and saw the city, he wept over it for all the miracles they had seen: ""Blessed is the king who comes in the name of the Lord! Peace in heaven and glory in the highest!""",,,,
E005:c005,5,-6,,mark,Mark Mark 11:11; Luke Luke 19:42,"[Mark] Jesus entered Jerusalem and went to the temple. He looked around at everything, but since it was already late, he went out to Bethany with the Twelve.  ||  [Luke] and said, ""If you, even you, had only known on this day what would bring you peace--but now it is hidden from your eyes.","Jesus entered Jerusalem and went to the temple, looking around at everything, but since it was already late, he went out to Bethany with the Twelve and said, “If you, even you, had only known on this day what would bring you peace—but now it is hidden from your eyes.”",,,,
E006:c006,6,-6,yes,matthew,Matthew Matthew 21:10; Mark Mark 11:12; Mark 11:13,"[Matthew] When Jesus entered Jerusalem, the whole city was stirred and asked, ""Who is this?""  ||  [Mark] The next day as they were leaving Bethany, Jesus was hungry. Seeing in the distance a fig tree in leaf, he went to find out if it had any fruit. When he reached it, he found nothing but leaves, because it was not the season for figs.","When Jesus entered Jerusalem, the whole city was stirred and asked, “Who is this?” The next day as they were leaving Bethany, Jesus was hungry and, seeing in the distance a fig tree in leaf, he went to find out if it had any fruit. When he reached it, he found nothing but leaves, because it was not the season for figs.",,,,
E007:c007,7,-6,yes,luke,Luke Luke 19:43-44; Mark Mark 11:14; Matthew Matthew 21:11,"[Luke] The days will come upon you when your enemies will build an embankment against you and encircle you and hem you in on every side. They will dash you to the ground, you and the children within your walls. They will not leave one stone on another, because you did not recognize the time of God's coming to you.""  ||  [Mark] Then he said to the tree, ""May no one ever eat fruit from you again."" And his disciples heard him say it.  ||  [Matthew] The crowds answered, ""This is Jesus, the prophet from Nazareth in Galilee.""","The days will come upon you when your enemies would build an embankment against you and encircle you and hem you in on every side, and they would dash you to the ground, you and the children within your walls. They will not leave one stone on another, because you did not recognize the time of God's coming to you. Then he said to the tree, “May no one ever eat fruit from you again,” and his disciples heard him say it; and the crowds answered, “This is Jesus, the prophet from Nazareth in Galilee.”",,,,
E008:c008,8,-6,yes,matthew,Matthew Matthew 21:12-14; Mark Mark 11:15-17; Luke Luke 19:45-46,"[Matthew] Jesus entered the temple area and drove out all who were buying and selling there. He overturned the tables of the money changers and the benches of those selling doves. ""It is written,"" he said to them, ""'My house will be called a house of prayer,' but you are making it a 'den of robbers.'"" The blind and the lame came to him at the temple, and he healed them.  ||  [Mark] On reaching Jerusalem, Jesus entered the temple area and began driving out those who were buying and selling there. He overturned the tables of the money changers and the benches of those selling doves, and would not allow anyone to carry merchandise through the temple courts. And as he taught them, he said, ""Is it not written: ""'My house will be called a house of prayer for all nations'? But you have made it 'a den of robbers.'""  ||  [Luke] Then he entered the temple area and began driving out those who were selling. ""It is written,"" he said to them, ""'My house will be a house of prayer'; but you have made it 'a den of robbers.'""","Then he entered the temple area and began driving out those who were buying and selling there. He overturned the tables of the money changers and the benches of those selling doves, and would not allow anyone to carry merchandise through the temple courts. The blind and the lame came to him at the temple, and he healed them. “It is written,” he said to them, “‘My house will be called a house of prayer,’ but you are making it ‘a den of robbers.’”",,,,
E009:c009,9,-6,,luke,Luke Luke 19:47-48; Matthew Matthew 21:15-16; Mark Mark 11:18,"[Luke] Every day he was teaching at the temple. But the chief priests, the teachers of the law and the leaders among the people were trying to kill him. Yet they could not find any way to do it, because all the people hung on his words.  ||  [Matthew] But when the chief priests and the teachers of the law saw the wonderful things he did and the children shouting in the temple area, ""Hosanna to the Son of David,"" they were indignant. ""Do you hear what these children are saying?"" they asked him. ""Yes,"" replied Jesus, ""have you never read, ""'From the lips of children and infants you have ordained praise'?""  ||  [Mark] The chief priests and the teachers of the law heard this and began looking for a way to kill him, for they feared him, because the whole crowd was amazed at his teaching.","Every day he was teaching at the temple, but the chief priests, the teachers of the law, and the leaders among the people were trying to kill him. Yet they could not find any way to do it, because all the people hung on his words; when the chief priests and the teachers of the law saw the wonderful things he did and the children shouting in the temple area, “Hosanna to the Son of David,” they were indignant, ""Do you hear what these children are saying?"" they asked him. Yes, replied Jesus, “have you never read, “‘From the lips of children and infants you have ordained praise’?” The chief priests and the teachers of the law heard this and began looking for a way to kill him, for they feared him, because the whole crowd was amazed at his teaching.",,,,
E010:c010,10,-6,,matthew,Matthew Matthew 21:17; Mark Mark 11:19,"[Matthew] And he left them and went out of the city to Bethany, where he spent the night.  ||  [Mark] When evening came, they went out of the city.","When evening came, they went out of the city and he left them and went out of the city to Bethany, where he spent the night.",,,,
E011:c011,11,-6,yes,matthew,Matthew Matthew 21:18,"[Matthew] Early in the morning, as he was on his way back to the city, he was hungry.","Early in the morning, as he was on his way back to the city, he was hungry. Accounts vary regarding the precise sequence of events; some indicate that this occurred immediately upon his departure, while others suggest it arose later during his journey.",,,,
E012:c012,12,-6,yes,matthew,Matthew Matthew 21:19; Matthew 21:20; Mark Mark 11:20,"[Matthew] Seeing a fig tree by the road, he went up to it but found nothing on it except leaves. Then he said to it, ""May you never bear fruit again!"" Immediately the tree withered. When the disciples saw this, they were amazed. ""How did the fig tree wither so quickly?"" they asked.  ||  [Mark] In the morning, as they went along, they saw the fig tree withered from the roots.","Seeing a fig tree by the road, he went up to it but found nothing on it except leaves. Then he said to it, “May you never bear fruit again!” Immediately the tree withered, and when the disciples saw this, they were amazed. ""How did the fig tree wither so quickly?"" they asked; or, in another account, in the morning, as they went along, they saw the fig tree withered from the roots.",,,,
E013:c013,13,-5,yes,mark,Mark Mark 11:21-24; Matthew Matthew 21:21-22,"[Mark] Peter remembered and said to Jesus, ""Rabbi, look! The fig tree you cursed has withered!"" ""Have faith in God,"" Jesus answered. ""I tell you the truth, if anyone says to this mountain, 'Go, throw yourself into the sea,' and does not doubt in his heart but believes that what he says will happen, it will be done for him. Therefore I tell you, whatever you ask for in prayer, believe that you have received it, and it will be yours.  ||  [Matthew] Jesus replied, ""I tell you the truth, if you have faith and do not doubt, not only can you do what was done to the fig tree, but also you can say to this mountain, 'Go, throw yourself into the sea,' and it will be done. If you believe, you will receive whatever you ask for in prayer.""","Peter remembered and said to Jesus, “Rabbi, look! The fig tree you cursed has withered!” Jesus answered, “Have faith in God,” and then stated, “I tell you the truth, if anyone says to this mountain, ‘Go, throw yourself into the sea,’ and does not doubt in his heart but believes that what he says will happen, it will be done for him. Therefore I tell you, whatever you ask for in prayer, believe that you have received it, and it will be yours.” Jesus replied, “I tell you the truth, if you have faith and do not doubt, not only can you do what was done to the fig tree, but also you can say to this mountain, ‘Go, throw yourself into the sea,’ and it will be done. If you believe, you will receive whatever you ask for in prayer.”",,,,
E014:c014,14,-5,yes,mark,Mark Mark 11:25-26,"[Mark] And when you stand praying, if you hold anything against anyone, forgive him, so that your Father in heaven may forgive you your sins."" See Footnote","And when you stand praying, if you hold anything against anyone, forgive him, so that your Father in heaven may forgive you your sins. See Footnote.",,,,
E015:c015,15,-6,yes,luke,Luke Luke 20:1-3; Matthew Matthew 21:23-24; Mark Mark 11:27-29,"[Luke] One day as he was teaching the people in the temple courts and preaching the gospel, the chief priests and the teachers of the law, together with the elders, came up to him. ""Tell us by what authority you are doing these things,"" they said. ""Who gave you this authority?"" He replied, ""I will also ask you a question. Tell me,  ||  [Matthew] Jesus entered the temple courts, and, while he was teaching, the chief priests and the elders of the people came to him. ""By what authority are you doing these things?"" they asked. ""And who gave you this authority?"" Jesus replied, ""I will also ask you one question. If you answer me, I will tell you by what authority I am doing these things.  ||  [Mark] They arrived again in Jerusalem, and while Jesus was walking in the temple courts, the chief priests, the teachers of the law and the elders came to him. ""By what authority are you doing these things?"" they asked. ""And who gave you authority to do this?"" Jesus replied, ""I will ask you one question. Answer me, and I will tell you by what authority I am doing these things.","One day as he was teaching the people in the temple courts and preaching the gospel, the chief priests and the teachers of the law, together with the elders, arrived again in Jerusalem and came up to him while he was teaching, and they asked, “By what authority are you doing these things?” and “And who gave you this authority to do this?” Jesus replied, “I will also ask you one question. Answer me, and I will tell you by what authority I am doing these things.”",,,,
E016:c016,16,-6,,matthew,Matthew Matthew 21:25; Mark Mark 11:30,"[Matthew] John's baptism--where did it come from? Was it from heaven, or from men?""  ||  [Mark] John's baptism--was it from heaven, or from men? Tell me!""","John’s baptism—where did it come from? Was it from heaven, or from men? Was it from heaven, or from men? Tell me!",,,,
E017:c017,17,-6,,matthew,Matthew Matthew 21:26; Mark Mark 11:31-33; Luke Luke 20:4-7,"[Matthew] They discussed it among themselves and said, ""If we say, 'From heaven,' he will ask, 'Then why didn't you believe him?' But if we say, 'From men'--we are afraid of the people, for they all hold that John was a prophet.""  ||  [Mark] They discussed it among themselves and said, ""If we say, 'From heaven,' he will ask, 'Then why didn't you believe him?' But if we say, 'From men'...."" (They feared the people, for everyone held that John really was a prophet.) So they answered Jesus, ""We don't know."" Jesus said, ""Neither will I tell you by what authority I am doing these things.""  ||  [Luke] John's baptism--was it from heaven, or from men?"" They discussed it among themselves and said, ""If we say, 'From heaven,' he will ask, 'Why didn't you believe him?' But if we say, 'From men,' all the people will stone us, because they are persuaded that John was a prophet."" So they answered, ""We don't know where it was from.""","They discussed it among themselves and said, “If we say, ‘From heaven,’ he will ask, ‘Then why didn’t you believe him?’ But if we say, ‘From men’--we were afraid of the people, for they all held that John was a prophet.” They continued to debate John’s baptism—was it from heaven, or from men?—and after further discussion, they answered Jesus, “We don’t know,” and Jesus said, “Neither will I tell you by what authority I am doing these things.” So they answered, ""We don't know where it was from.""",,,,
E018:c018,18,-6,yes,matthew,Matthew Matthew 21:27-28,"[Matthew] So they answered Jesus, ""We don't know."" Then he said, ""Neither will I tell you by what authority I am doing these things. ""What do you think? There was a man who had two sons. He went to the first and said, 'Son, go and work today in the vineyard.'","So they answered Jesus, “We don’t know,” and he said, “Neither will I tell you by what authority I am doing these things.” There was a man who had two sons, and he went to the first and said, ‘Son, go and work today in the vineyard.’",,,,
E019:c019,19,-6,yes,matthew,Matthew Matthew 21:29; Luke Luke 20:8,"[Matthew] ""'I will not,' he answered, but later he changed his mind and went.  ||  [Luke] Jesus said, ""Neither will I tell you by what authority I am doing these things.""","“I will not,” he answered, but later he changed his mind and went, and Jesus said, “Neither will I tell you by what authority I am doing these things.”",,,,
E020:c020,20,-6,,matthew,Matthew Matthew 21:30-31,"[Matthew] ""Then the father went to the other son and said the same thing. He answered, 'I will, sir,' but he did not go. ""Which of the two did what his father wanted?The first,"" they answered.","A man approached his two sons and instructed them to go to the field and return with a donkey. The father then went to the other son and said the same thing. He answered, ‘I will, sir,’ but he did not go. Which of the two did what his father wanted? They answered, ‘The first.’",,,,
E021:c021,21,-5,,matthew,Matthew Matthew 21:32; Matthew 21:33,"[Matthew] Jesus said to them, ""I tell you the truth, the tax collectors and the prostitutes are entering the kingdom of God ahead of you. For John came to you to show you the way of righteousness, and you did not believe him, but the tax collectors and the prostitutes did. And even after you saw this, you did not repent and believe him. ""Listen to another parable: There was a landowner who planted a vineyard. He put a wall around it, dug a winepress in it and built a watchtower. Then he rented the vineyard to some farmers and went away on a journey.","Jesus said to them, “I tell you the truth, the tax collectors and the prostitutes are entering the kingdom of God ahead of you. For John came to you to show you the way of righteousness, and you did not believe him, but the tax collectors and the prostitutes did. And even after you saw this, you did not repent and believe him. Listen to another parable: There was a landowner who planted a vineyard. He put a wall around it, dug a winepress in it and built a watchtower. Then he rented the vineyard to some farmers and went away on a journey.”",,,,
E022:c022,22,-5,yes,matthew,Matthew Matthew 21:34-35; Mark Mark 12:1-3; Luke Luke 20:9-12,"[Matthew] When the harvest time approached, he sent his servants to the tenants to collect his fruit. ""The tenants seized his servants; they beat one, killed another, and stoned a third.  ||  [Mark] He then began to speak to them in parables: ""A man planted a vineyard. He put a wall around it, dug a pit for the winepress and built a watchtower. Then he rented the vineyard to some farmers and went away on a journey. At harvest time he sent a servant to the tenants to collect from them some of the fruit of the vineyard. But they seized him, beat him and sent him away empty-handed.  ||  [Luke] He went on to tell the people this parable: ""A man planted a vineyard, rented it to some farmers and went away for a long time. At harvest time he sent a servant to the tenants so they would give him some of the fruit of the vineyard. But the tenants beat him and sent him away empty-handed. He sent another servant, but that one also they beat and treated shamefully and sent away empty-handed. He sent still a third, and they wounded him and threw him out.","When the harvest time approached, he began to speak to them in parables, and then he sent his servants to the tenants to collect his fruit. The tenants seized his servants; they beat one, killed another, and stoned a third. He then planted a vineyard, putting a wall around it, digging a pit for the winepress and building a watchtower. He rented the vineyard to some farmers and went away on a journey. At harvest time he sent a servant to the tenants to collect from them some of the fruit of the vineyard, but they seized him, beat him and sent him away empty-handed. He sent another servant, but that one also they beat and treated shamefully and sent away empty-handed. He sent still a third, and they wounded him and threw him out.",,,,
E023:c023,23,-5,,matthew,Matthew Matthew 21:36-37; Luke Luke 20:13,"[Matthew] Then he sent other servants to them, more than the first time, and the tenants treated them the same way. Last of all, he sent his son to them. 'They will respect my son,' he said.  ||  [Luke] ""Then the owner of the vineyard said, 'What shall I do? I will send my son, whom I love; perhaps they will respect him.'","The owner of the vineyard then sent other servants to them, more than the first time, and the tenants treated them the same way. Last of all, he sent his son to them, ‘They will respect my son,’ he said, and the owner of the vineyard said, “What shall I do? I will send my son, whom I love; perhaps they will respect him.”",,,,
E024:c024,24,-5,,luke,Luke Luke 20:14-15; Matthew Matthew 21:38-39; Mark Mark 12:4-8,"[Luke] ""But when the tenants saw him, they talked the matter over. 'This is the heir,' they said. 'Let's kill him, and the inheritance will be ours.' So they threw him out of the vineyard and killed him.  ||  [Matthew] ""But when the tenants saw the son, they said to each other, 'This is the heir. Come, let's kill him and take his inheritance.' So they took him and threw him out of the vineyard and killed him.  ||  [Mark] Then he sent another servant to them; they struck this man on the head and treated him shamefully. He sent still another, and that one they killed. He sent many others; some of them they beat, others they killed. ""He had one left to send, a son, whom he loved. He sent him last of all, saying, 'They will respect my son.' ""But the tenants said to one another, 'This is the heir. Come, let's kill him, and the inheritance will be ours.' So they took him and killed him, and threw him out of the vineyard.","When the tenants saw the son, they talked the matter over and said, ‘This is the heir,’ and they came to say, ‘Let’s kill him, and the inheritance will be ours.’ So they took him and threw him out of the vineyard and killed him. But when the tenants saw him, they talked the matter over. 'This is the heir,' they said. 'Let's kill him, and the inheritance will be ours.' So they threw him out of the vineyard and killed him. Then he sent another servant to them; they struck this man on the head and treated him shamefully. He sent still another, and that one they killed. He sent many others; some of them they beat, others they killed. He had one left to send, a son, whom he loved. He sent him last of all, saying, ‘They will respect my son.’ But the tenants said to one another, 'This is the heir. Come, let’s kill him, and the inheritance will be ours.' So they took him and killed him, and threw him out of the vineyard.",,,,
E025:c025,25,-4,yes,mark,Mark Mark 12:9-11; Matthew Matthew 21:40-44; Luke Luke 20:16,"[Mark] ""What then will the owner of the vineyard do? He will come and kill those tenants and give the vineyard to others. Haven't you read this scripture: ""'The stone the builders rejected has become the capstone; the Lord has done this, and it is marvelous in our eyes'?""  ||  [Matthew] ""Therefore, when the owner of the vineyard comes, what will he do to those tenants?"" ""He will bring those wretches to a wretched end,"" they replied, ""and he will rent the vineyard to other tenants, who will give him his share of the crop at harvest time."" Jesus said to them, ""Have you never read in the Scriptures: ""'The stone the builders rejected has become the capstone; the Lord has done this, and it is marvelous in our eyes'? ""Therefore I tell you that the kingdom of God will be taken away from you and given to a people who will produce its fruit. He who falls on this stone will be broken to pieces, but he on whom it falls will be crushed.""  ||  [Luke] ""What then will the owner of the vineyard do to them? He will come and kill those tenants and give the vineyard to others."" When the people heard this, they said, ""May this never be!""","What then will the owner of the vineyard do? According to some, he will come and kill those tenants and give the vineyard to others, as was stated by one individual, while others predicted that he would bring those wretches to a wretched end and rent the vineyard to other tenants who would give him his share of the crop at harvest time. Jesus then quoted scripture: “‘The stone the builders rejected has become the capstone; the Lord has done this, and it is marvelous in our eyes’?” When the people heard this pronouncement – that he will come and kill those tenants and give the vineyard to others – they exclaimed, “May this never be!”",,,,
E026:c026,26,-5,yes,matthew,Matthew Matthew 21:45-46; Mark Mark 12:12; Luke Luke 20:17-18,"[Matthew] When the chief priests and the Pharisees heard Jesus' parables, they knew he was talking about them. They looked for a way to arrest him, but they were afraid of the crowd because the people held that he was a prophet.  ||  [Mark] Then they looked for a way to arrest him because they knew he had spoken the parable against them. But they were afraid of the crowd; so they left him and went away.  ||  [Luke] Jesus looked directly at them and asked, ""Then what is the meaning of that which is written: ""'The stone the builders rejected has become the capstone '? Everyone who falls on that stone will be broken to pieces, but he on whom it falls will be crushed.""","When the chief priests and the Pharisees heard Jesus’ parables, they knew he was talking about them and looked for a way to arrest him, but they were afraid of the crowd because the people held that he was a prophet. Then they looked for a way to arrest him because they knew he had spoken the parable against them; but they were afraid of the crowd so they left him and went away. Jesus looked directly at them and asked, “Then what is the meaning of that which is written: “‘The stone the builders rejected has become the capstone’?”",,,,
E027:c027,27,-5,,matthew,Matthew Matthew 22:1-3; Luke Luke 20:19,"[Matthew] Jesus spoke to them again in parables, saying: ""The kingdom of heaven is like a king who prepared a wedding banquet for his son. He sent his servants to those who had been invited to the banquet to tell them to come, but they refused to come.  ||  [Luke] The teachers of the law and the chief priests looked for a way to arrest him immediately, because they knew he had spoken this parable against them. But they were afraid of the people.","Jesus spoke to them again in parables, saying: “The kingdom of heaven is like a king who prepared a wedding banquet for his son. He sent his servants to those who had been invited to the banquet to tell them to come, but they refused to come,” and the teachers of the law and the chief priests looked for a way to arrest him immediately, because they knew he had spoken this parable against them. But they were afraid of the people.",,,,
E028:c028,28,-5,,matthew,Matthew Matthew 22:4-7,"[Matthew] ""Then he sent some more servants and said, 'Tell those who have been invited that I have prepared my dinner: My oxen and fattened cattle have been butchered, and everything is ready. Come to the wedding banquet.' ""But they paid no attention and went off--one to his field, another to his business. The rest seized his servants, mistreated them and killed them. The king was enraged. He sent his army and destroyed those murderers and burned their city.","Then he sent some more servants and said, ‘Tell those who have been invited that I have prepared my dinner: My oxen and fattened cattle have been butchered, and everything is ready. Come to the wedding banquet.’ But they paid no attention and went off—one to his field, another to his business. The rest seized his servants, mistreated them and killed them. The king was enraged, and he sent his army and destroyed those murderers and burned their city.",,,,
E029:c029,29,-5,,matthew,Matthew Matthew 22:8-9,"[Matthew] ""Then he said to his servants, 'The wedding banquet is ready, but those I invited did not deserve to come. Go to the street corners and invite to the banquet anyone you find.'","Then he said to his servants, ‘The wedding banquet is ready, but those I invited did not deserve to come,’ and he instructed them to go to the street corners and invite to the banquet anyone they found.",,,,
E030:c030,30,-5,,matthew,Matthew Matthew 22:10,"[Matthew] So the servants went out into the streets and gathered all the people they could find, both good and bad, and the wedding hall was filled with guests.","The servants went out into the streets and gathered all the people they could find, both good and bad, and the wedding hall was filled with guests.",,,,
E031:c031,31,-5,,matthew,Matthew Matthew 22:11-12,"[Matthew] ""But when the king came in to see the guests, he noticed a man there who was not wearing wedding clothes. 'Friend,' he asked, 'how did you get in here without wedding clothes?' The man was speechless.","When the king came in to see the guests, he noticed a man there who was not wearing wedding clothes. ‘Friend,’ he asked, ‘how did you get in here without wedding clothes?’ The man was speechless.",,,,
E032:c032,32,-5,yes,matthew,Matthew Matthew 22:13-14,"[Matthew] ""Then the king told the attendants, 'Tie him hand and foot, and throw him outside, into the darkness, where there will be weeping and gnashing of teeth.' ""For many are invited, but few are chosen.""","The king then told the attendants to tie him hand and foot, and to throw him outside into the darkness, where there would be weeping and gnashing of teeth; for many are invited, but few are chosen.",,,,
E033:c033,33,-5,yes,luke,Luke Luke 20:20-24; Matthew Matthew 22:15-16; Mark Mark 12:13-16,"[Luke] Keeping a close watch on him, they sent spies, who pretended to be honest. They hoped to catch Jesus in something he said so that they might hand him over to the power and authority of the governor. So the spies questioned him: ""Teacher, we know that you speak and teach what is right, and that you do not show partiality but teach the way of God in accordance with the truth. Is it right for us to pay taxes to Caesar or not?"" He saw through their duplicity and said to them, ""Show me a denarius. Whose portrait and inscription are on it?""  ||  [Matthew] Then the Pharisees went out and laid plans to trap him in his words. They sent their disciples to him along with the Herodians. ""Teacher,"" they said, ""we know you are a man of integrity and that you teach the way of God in accordance with the truth. You aren't swayed by men, because you pay no attention to who they are.  ||  [Mark] Later they sent some of the Pharisees and Herodians to Jesus to catch him in his words. They came to him and said, ""Teacher, we know you are a man of integrity. You aren't swayed by men, because you pay no attention to who they are; but you teach the way of God in accordance with the truth. Is it right to pay taxes to Caesar or not? Should we pay or shouldn't we?"" But Jesus knew their hypocrisy. ""Why are you trying to trap me?"" he asked. ""Bring me a denarius and let me look at it."" They brought the coin, and he asked them, ""Whose portrait is this? And whose inscription?Caesar's,"" they replied.","Keeping a close watch on him, some of the Pharisees went out and laid plans to trap him in his words, sending their disciples along with the Herodians to question Jesus: “Teacher, we know that you speak and teach what is right, and that you do not show partiality but teach the way of God in accordance with the truth. Is it right for us to pay taxes to Caesar or not?” He saw through their duplicity and said to them, ""Show me a denarius. Whose portrait and inscription are on it?"" They brought the coin, and he asked them, “Whose portrait is this? And whose inscription?Caesar’s,” they replied. Later they sent some of the Pharisees and Herodians to Jesus to catch him in his words. They came to him and said, ""Teacher, we know you are a man of integrity. You aren't swayed by men, because you pay no attention to who they are; but you teach the way of God in accordance with the truth. Is it right to pay taxes to Caesar or not? Should we pay or shouldn’t we?” But Jesus knew their hypocrisy. “Why are you trying to trap me?” he asked. ""Bring me a denarius and let me look at it",,,,
E034:c034,34,-4,yes,luke,Luke Luke 20:25-26; Matthew Matthew 22:17-20,"[Luke] ""Caesar's,"" they replied. He said to them, ""Then give to Caesar what is Caesar's, and to God what is God's."" They were unable to trap him in what he had said there in public. And astonished by his answer, they became silent.  ||  [Matthew] Tell us then, what is your opinion? Is it right to pay taxes to Caesar or not?"" But Jesus, knowing their evil intent, said, ""You hypocrites, why are you trying to trap me? Show me the coin used for paying the tax."" They brought him a denarius, and he asked them, ""Whose portrait is this? And whose inscription?""","“Caesar’s,” they replied, and Jesus responded, “Then give to Caesar what is Caesar’s, and to God what is God’s.” But Jesus, knowing their evil intent, challenged them with the question, ""Tell us then, what is your opinion? Is it right to pay taxes to Caesar or not?” They began to press him, asking, “You hypocrites, why are you trying to trap me? Show me the coin used for paying the tax.” They brought him a denarius, and he asked them, ""Whose portrait is this? And whose inscription?"" And as they were unable to trap him in what he had said there in public, astonished by his answer, they became silent.",,,,
E035:c035,35,-5,yes,matthew,Matthew Matthew 22:21; Matthew 22:22; Luke Luke 20:27-30; Mark Mark 12:17,"[Matthew] ""Caesar's,"" they replied. Then he said to them, ""Give to Caesar what is Caesar's, and to God what is God's."" When they heard this, they were amazed. So they left him and went away.  ||  [Luke] Some of the Sadducees, who say there is no resurrection, came to Jesus with a question. ""Teacher,"" they said, ""Moses wrote for us that if a man's brother dies and leaves a wife but no children, the man must marry the widow and have children for his brother. Now there were seven brothers. The first one married a woman and died childless. The second  ||  [Mark] Then Jesus said to them, ""Give to Caesar what is Caesar's and to God what is God's."" And they were amazed at him.","Some of the Sadducees, who say there is no resurrection, came to Jesus with a question, “Teacher,” they said, “Moses wrote for us that if a man’s brother dies and leaves a wife but no children, the man must marry the widow and have children for his brother. Now there were seven brothers. The first one married a woman and died childless. The second… Then Jesus said to them, ""Give to Caesar what is Caesar's, and to God what is God’s.” And they were amazed at him. Caesar’s,” they replied. Then he said to them, “Give to Caesar what is Caesar’s, and to God what is God’s.” When they heard this, they were amazed. So they left him and went away.",,,,
E036:c036,36,-4,yes,luke,Luke Luke 20:31; Matthew Matthew 22:23-26; Mark Mark 12:18-23,"[Luke] and then the third married her, and in the same way the seven died, leaving no children.  ||  [Matthew] That same day the Sadducees, who say there is no resurrection, came to him with a question. ""Teacher,"" they said, ""Moses told us that if a man dies without having children, his brother must marry the widow and have children for him. Now there were seven brothers among us. The first one married and died, and since he had no children, he left his wife to his brother. The same thing happened to the second and third brother, right on down to the seventh.  ||  [Mark] Then the Sadducees, who say there is no resurrection, came to him with a question. ""Teacher,"" they said, ""Moses wrote for us that if a man's brother dies and leaves a wife but no children, the man must marry the widow and have children for his brother. Now there were seven brothers. The first one married and died without leaving any children. The second one married the widow, but he also died, leaving no child. It was the same with the third. In fact, none of the seven left any children. Last of all, the woman died too. At the resurrection whose wife will she be, since the seven were married to her?""","That same day the Sadducees, who say there is no resurrection, came to him with a question. “Teacher,” they said, “Moses wrote for us that if a man’s brother dies and leaves a wife but no children, the man must marry the widow and have children for his brother.” Now there were seven brothers among us; the first one married and died, and since he had no children, he left his wife to his brother. The same thing happened to the second and third brother, right on down to the seventh, and each of them married and died without leaving any children. Then the woman died too. “Last of all, whose wife will she be,” they asked, “since the seven were married to her?”",,,,
E037:c037,37,-4,,luke,Luke Luke 20:32; Matthew Matthew 22:27,"[Luke] Finally, the woman died too.  ||  [Matthew] Finally, the woman died.","Finally, the woman died too.",,,,
E038:c038,38,-4,,luke,Luke Luke 20:33-38; Matthew Matthew 22:28-32; Mark Mark 12:24,"[Luke] Now then, at the resurrection whose wife will she be, since the seven were married to her?"" Jesus replied, ""The people of this age marry and are given in marriage. But those who are considered worthy of taking part in that age and in the resurrection from the dead will neither marry nor be given in marriage, and they can no longer die; for they are like the angels. They are God's children, since they are children of the resurrection. But in the account of the bush, even Moses showed that the dead rise, for he calls the Lord 'the God of Abraham, and the God of Isaac, and the God of Jacob.' He is not the God of the dead, but of the living, for to him all are alive.""  ||  [Matthew] Now then, at the resurrection, whose wife will she be of the seven, since all of them were married to her?"" Jesus replied, ""You are in error because you do not know the Scriptures or the power of God. At the resurrection people will neither marry nor be given in marriage; they will be like the angels in heaven. But about the resurrection of the dead--have you not read what God said to you, 'I am the God of Abraham, the God of Isaac, and the God of Jacob'? He is not the God of the dead but of the living.""  ||  [Mark] Jesus replied, ""Are you not in error because you do not know the Scriptures or the power of God?","Now then, at the resurrection, a question was posed as to whose wife would be of the seven, since all of them were married to her. Jesus replied, “You are in error because you do not know the Scriptures or the power of God,” and stated that the people of this age marry and are given in marriage, but those who are considered worthy of taking part in that age and in the resurrection from the dead will neither marry nor be given in marriage, and they can no longer die; for they are like the angels. He continued, “They are God’s children, since they are children of the resurrection. But in the account of the bush, even Moses showed that the dead rise, for he calls the Lord ‘the God of Abraham, and the God of Isaac, and the God of Jacob.’ He is not the God of the dead, but of the living, for to him all are alive.”",,,,
E039:c039,39,-4,yes,luke,Luke Luke 20:39-40; Matthew Matthew 22:33,"[Luke] Some of the teachers of the law responded, ""Well said, teacher!"" And no one dared to ask him any more questions.  ||  [Matthew] When the crowds heard this, they were astonished at his teaching.","Some of the teachers of the law responded, “Well said, teacher!” and no one dared to ask him any more questions, while when the crowds heard this, they were astonished at his teaching.",,,,
E040:c040,40,-4,,matthew,Matthew Matthew 22:34-39; Mark Mark 12:25,"[Matthew] Hearing that Jesus had silenced the Sadducees, the Pharisees got together. One of them, an expert in the law, tested him with this question: ""Teacher, which is the greatest commandment in the Law?"" Jesus replied: ""'Love the Lord your God with all your heart and with all your soul and with all your mind.' This is the first and greatest commandment. And the second is like it: 'Love your neighbor as yourself.'  ||  [Mark] When the dead rise, they will neither marry nor be given in marriage; they will be like the angels in heaven.","Hearing that Jesus had silenced the Sadducees, the Pharisees got together and one of them, an expert in the law, tested him with this question: “Teacher, which is the greatest commandment in the Law?” Jesus replied: “‘Love the Lord your God with all your heart and with all your soul and with all your mind.’ This is the first and greatest commandment. And the second is like it: ‘Love your neighbor as yourself.’ When the dead rise, they will neither marry nor be given in marriage; they will be like the angels in heaven.",,,,
E041:c041,41,-3,yes,mark,Mark Mark 12:26-27; Matthew Matthew 22:40-42,"[Mark] Now about the dead rising--have you not read in the book of Moses, in the account of the bush, how God said to him, 'I am the God of Abraham, the God of Isaac, and the God of Jacob'? He is not the God of the dead, but of the living. You are badly mistaken!""  ||  [Matthew] All the Law and the Prophets hang on these two commandments."" While the Pharisees were gathered together, Jesus asked them, ""What do you think about the Christ? Whose son is he?The son of David,"" they replied.","Now about the dead rising—have you not read in the book of Moses, in the account of the bush, how God said to him, ‘I am the God of Abraham, the God of Isaac, and the God of Jacob’? He is not the God of the dead, but of the living; and all the Law and the Prophets hang on these two commandments. While the Pharisees were gathered together, Jesus asked them, “What do you think about the Christ? Whose son is he?” they replied, “The son of David,” and simultaneously, he stated, “You are badly mistaken!”",,,,
E042:c042,42,-4,yes,matthew,Matthew Matthew 22:43-44; Luke Luke 20:41-43,"[Matthew] He said to them, ""How is it then that David, speaking by the Spirit, calls him 'Lord'? For he says, ""'The Lord said to my Lord: ""Sit at my right hand until I put your enemies under your feet.""'  ||  [Luke] Then Jesus said to them, ""How is it that they say the Christ is the Son of David? David himself declares in the Book of Psalms: ""'The Lord said to my Lord: ""Sit at my right hand until I make your enemies a footstool for your feet.""'","“How is it then,” he said to them, “that David, speaking by the Spirit, calls him ‘Lord’?” and he continued, “For he says, ‘The Lord said to my Lord: “Sit at my right hand until I put your enemies under your feet.’” Then Jesus responded, “How is it that they say the Christ is the Son of David? David himself declares in the Book of Psalms: ‘The Lord said to my Lord: “Sit at my right hand until I make your enemies a footstool for your feet.’”",,,,
E043:c043,43,-4,yes,luke,Luke Luke 20:44; Matthew Matthew 22:45; Mark Mark 12:28-33,"[Luke] David calls him 'Lord.' How then can he be his son?""  ||  [Matthew] If then David calls him 'Lord,' how can he be his son?""  ||  [Mark] One of the teachers of the law came and heard them debating. Noticing that Jesus had given them a good answer, he asked him, ""Of all the commandments, which is the most important?"" ""The most important one,"" answered Jesus, ""is this: 'Hear, O Israel, the Lord our God, the Lord is one. Love the Lord your God with all your heart and with all your soul and with all your mind and with all your strength.' The second is this: 'Love your neighbor as yourself.' There is no commandment greater than these."" ""Well said, teacher,"" the man replied. ""You are right in saying that God is one and there is no other but him. To love him with all your heart, with all your understanding and with all your strength, and to love your neighbor as yourself is more important than all burnt offerings and sacrifices.""","David called out ‘Lord,’ and then questioned how this could be his son, a phrasing echoed by another individual who asked, “If then David calls him ‘Lord’, how can he be his son?” A teacher of the law approached while Jesus was debating with others, noting that Jesus had provided a good answer. He inquired about the most important commandment, and Jesus responded stating, ""The most important one is this: 'Hear, O Israel, the Lord our God, the Lord is one. Love the Lord your God with all your heart and with all your soul and with all your mind and with all your strength.’ The second is this: ‘Love your neighbor as yourself.’ There is no commandment greater than these,” and the man replied, “Well said, teacher; you are right in saying that God is one and there is no other but him. To love him with all your heart, with all your understanding and with all your strength, and to love your neighbor as yourself is more important than all burnt offerings and sacrifices.”",,,,
E044:c044,44,-3,yes,mark,Mark Mark 12:34; Matthew Matthew 22:46,"[Mark] When Jesus saw that he had answered wisely, he said to him, ""You are not far from the kingdom of God."" And from then on no one dared ask him any more questions.  ||  [Matthew] No one could say a word in reply, and from that day on no one dared to ask him any more questions.","When Jesus saw that he had answered wisely, he said to him, “You are not far from the kingdom of God,” and from then on no one dared ask him any more questions; no one could say a word in reply, and from that day on no one dared to ask him any more questions.",,,,
E045:c045,45,-3,,luke,Luke Luke 20:45; Matthew Matthew 23:1,"[Luke] While all the people were listening, Jesus said to his disciples,  ||  [Matthew] Then Jesus said to the crowds and to his disciples:","While all the people were listening, Jesus said to his disciples, and to the crowds, saying to his disciples.",,,,
E046:c046,46,-3,yes,mark,Mark Mark 12:35-36; Matthew Matthew 23:2-7,"[Mark] While Jesus was teaching in the temple courts, he asked, ""How is it that the teachers of the law say that the Christ is the son of David? David himself, speaking by the Holy Spirit, declared: ""'The Lord said to my Lord: ""Sit at my right hand until I put your enemies under your feet.""'  ||  [Matthew] ""The teachers of the law and the Pharisees sit in Moses' seat. So you must obey them and do everything they tell you. But do not do what they do, for they do not practice what they preach. They tie up heavy loads and put them on men's shoulders, but they themselves are not willing to lift a finger to move them. ""Everything they do is done for men to see: They make their phylacteries wide and the tassels on their garments long; they love the place of honor at banquets and the most important seats in the synagogues; they love to be greeted in the marketplaces and to have men call them 'Rabbi.'","While Jesus was teaching in the temple courts, he questioned the teachers of the law and the Pharisees, who sat in Moses’ seat, stating that they said the Christ was the son of David, while David himself, speaking by the Holy Spirit, declared: “'The Lord said to my Lord: ""Sit at my right hand until I put your enemies under your feet.""' The teachers of the law and the Pharisees were instructed to obey them and do everything they told them, but not to emulate their actions, which included tying up heavy loads and putting them on men’s shoulders without lifting a finger, making their phylacteries wide and the tassels on their garments long, loving the place of honor at banquets and the most important seats in the synagogues, and loving to be greeted in the marketplaces and have men call them ‘Rabbi.’",,,,
E047:c047,47,-4,,matthew,Matthew Matthew 23:8-12; Mark Mark 12:37-40; Luke Luke 20:46-47,"[Matthew] ""But you are not to be called 'Rabbi,' for you have only one Master and you are all brothers. And do not call anyone on earth 'father,' for you have one Father, and he is in heaven. Nor are you to be called 'teacher,' for you have one Teacher, the Christ. The greatest among you will be your servant. For whoever exalts himself will be humbled, and whoever humbles himself will be exalted.  ||  [Mark] David himself calls him 'Lord.' How then can he be his son?"" The large crowd listened to him with delight. As he taught, Jesus said, ""Watch out for the teachers of the law. They like to walk around in flowing robes and be greeted in the marketplaces, and have the most important seats in the synagogues and the places of honor at banquets. They devour widows' houses and for a show make lengthy prayers. Such men will be punished most severely.""  ||  [Luke] ""Beware of the teachers of the law. They like to walk around in flowing robes and love to be greeted in the marketplaces and have the most important seats in the synagogues and the places of honor at banquets. They devour widows' houses and for a show make lengthy prayers. Such men will be punished most severely.""","“But you are not to be called ‘Rabbi,’ for you have only one Master and you are all brothers. And do not call anyone on earth ‘father,’ for you have one Father, and he is in heaven. Nor are you to be called ‘teacher,’ for you have one Teacher, the Christ. The greatest among you will be your servant. For whoever exalts himself will be humbled, and whoever humbles himself will be exalted. David himself calls him ‘Lord.’ How then can he be his son? The large crowd listened to him with delight as he taught, warning them to watch out for the teachers of the law who like to walk around in flowing robes and love to be greeted in the marketplaces and have the most important seats in the synagogues and the places of honor at banquets. These men were observed devouring widows’ houses and for a show making lengthy prayers. Such men will be punished most severely.”",,,,
E048:c048,48,-4,,matthew,Matthew Matthew 23:13-14,"[Matthew] ""Woe to you, teachers of the law and Pharisees, you hypocrites! You shut the kingdom of heaven in men's faces. You yourselves do not enter, nor will you let those enter who are trying to. See Footnote","Woe to you, teachers of the law and Pharisees, you hypocrites! You shut the kingdom of heaven in men’s faces. The statement was made directly to you, and a footnote was referenced.",,,,
E049:c049,49,-4,,matthew,Matthew Matthew 23:15,"[Matthew] ""Woe to you, teachers of the law and Pharisees, you hypocrites! You travel over land and sea to win a single convert, and when he becomes one, you make him twice as much a son of hell as you are.","Woe to you, teachers of the law and Pharisees, you hypocrites! You traveled over land and sea to win a single convert, and when he became one, you made him twice as much a son of hell as you were. The initial encounter occurred in a small coastal town where a traveler was approached by an individual seeking guidance. This led to extensive discussions and debates, ultimately resulting in the individual becoming a follower. However, upon this conversion, the teachers of the law and Pharisees expressed profound disapproval, labeling the convert as “a son of hell.”",,,,
E050:c050,50,-3,,mark,Mark Mark 12:41-44; Matthew Matthew 23:16-21; Luke Luke 21:1-4,"[Mark] Jesus sat down opposite the place where the offerings were put and watched the crowd putting their money into the temple treasury. Many rich people threw in large amounts. But a poor widow came and put in two very small copper coins, worth only a fraction of a penny. Calling his disciples to him, Jesus said, ""I tell you the truth, this poor widow has put more into the treasury than all the others. They all gave out of their wealth; but she, out of her poverty, put in everything--all she had to live on.""  ||  [Matthew] ""Woe to you, blind guides! You say, 'If anyone swears by the temple, it means nothing; but if anyone swears by the gold of the temple, he is bound by his oath.' You blind fools! Which is greater: the gold, or the temple that makes the gold sacred? You also say, 'If anyone swears by the altar, it means nothing; but if anyone swears by the gift on it, he is bound by his oath.' You blind men! Which is greater: the gift, or the altar that makes the gift sacred? Therefore, he who swears by the altar swears by it and by everything on it. And he who swears by the temple swears by it and by the one who dwells in it.  ||  [Luke] As he looked up, Jesus saw the rich putting their gifts into the temple treasury. He also saw a poor widow put in two very small copper coins. ""I tell you the truth,"" he said, ""this poor widow has put in more than all the others. All these people gave their gifts out of their wealth; but she out of her poverty put in all she had to live on.""","Jesus sat down opposite the place where the offerings were put and watched the crowd putting their money into the temple treasury, noting many rich people throwing in large amounts. He then observed a poor widow who put in two very small copper coins, worth only a fraction of a penny. Calling his disciples to him, Jesus said, “I tell you the truth, this poor widow has put more into the treasury than all the others; they all gave out of their wealth, but she, out of her poverty, put in everything – all she had to live on.” As he looked up, Jesus saw the rich putting their gifts into the temple treasury. He also saw a poor widow put in two very small copper coins. “I tell you the truth,” he said, “this poor widow has put in more than all the others. All these people gave their gifts out of their wealth; but she out of her poverty put in all she had to live on.” Woe to you, blind guides! You say, ‘If anyone swears by the temple, it means nothing; but if anyone swears by the gold of the temple, he is bound by his oath.’ You blind fools! Which is greater: the gold, or the temple that makes the gold sacred? You also say",,,,
E051:c051,51,-3,yes,mark,Mark Mark 13:1-2; Matthew Matthew 23:22; Luke Luke 21:5; Luke 21:6,"[Mark] As he was leaving the temple, one of his disciples said to him, ""Look, Teacher! What massive stones! What magnificent buildings!"" ""Do you see all these great buildings?"" replied Jesus. ""Not one stone here will be left on another; every one will be thrown down.""  ||  [Matthew] And he who swears by heaven swears by God's throne and by the one who sits on it.  ||  [Luke] Some of his disciples were remarking about how the temple was adorned with beautiful stones and with gifts dedicated to God. But Jesus said, ""As for what you see here, the time will come when not one stone will be left on another; every one of them will be thrown down.""","As he was leaving the temple, one of his disciples said to him, “Look, Teacher! What massive stones! What magnificent buildings!” “Do you see all these great buildings?” replied Jesus. Some of his disciples were remarking about how the temple was adorned with beautiful stones and with gifts dedicated to God. And he who swears by heaven swears by God’s throne and by the one who sits on it. “Not one stone here will be left on another; every one will be thrown down,” said Jesus.",,,,
E052:c052,52,-4,,matthew,Matthew Matthew 23:23-25,"[Matthew] ""Woe to you, teachers of the law and Pharisees, you hypocrites! You give a tenth of your spices--mint, dill and cummin. But you have neglected the more important matters of the law--justice, mercy and faithfulness. You should have practiced the latter, without neglecting the former. You blind guides! You strain out a gnat but swallow a camel. ""Woe to you, teachers of the law and Pharisees, you hypocrites! You clean the outside of the cup and dish, but inside they are full of greed and self-indulgence.","“Woe to you, teachers of the law and Pharisees, you hypocrites!” he exclaimed, “You give a tenth of your spices—mint, dill and cummin. You should have practiced justice, mercy and faithfulness without neglecting the former, and you blind guides! You strain out a gnat but swallow a camel.” He continued, “Woe to you, teachers of the law and Pharisees, you hypocrites! You clean the outside of the cup and dish, but inside they are full of greed and self-indulgence.”",,,,
E053:c053,53,-4,,matthew,Matthew Matthew 23:26-31,"[Matthew] Blind Pharisee! First clean the inside of the cup and dish, and then the outside also will be clean. ""Woe to you, teachers of the law and Pharisees, you hypocrites! You are like whitewashed tombs, which look beautiful on the outside but on the inside are full of dead men's bones and everything unclean. In the same way, on the outside you appear to people as righteous but on the inside you are full of hypocrisy and wickedness. ""Woe to you, teachers of the law and Pharisees, you hypocrites! You build tombs for the prophets and decorate the graves of the righteous. And you say, 'If we had lived in the days of our forefathers, we would not have taken part with them in shedding the blood of the prophets.' So you testify against yourselves that you are the descendants of those who murdered the prophets.","Blind Pharisee! He first declared, “First clean the inside of the cup and dish, and then the outside also will be clean,” while proclaiming, “Woe to you, teachers of the law and Pharisees, you hypocrites! You are like whitewashed tombs, which look beautiful on the outside but on the inside are full of dead men’s bones and everything unclean. In the same way, on the outside you appear to people as righteous but on the inside you are full of hypocrisy and wickedness.” He continued, “Woe to you, teachers of the law and Pharisees, you hypocrites! You build tombs for the prophets and decorate the graves of the righteous. And you say, ‘If we had lived in the days of our forefathers, we would not have taken part with them in shedding the blood of the prophets.’ So you testify against yourselves that you are the descendants of those who murdered the prophets.”",,,,
E054:c054,54,-4,,matthew,Matthew Matthew 23:32-34,"[Matthew] Fill up, then, the measure of the sin of your forefathers! ""You snakes! You brood of vipers! How will you escape being condemned to hell? Therefore I am sending you prophets and wise men and teachers. Some of them you will kill and crucify; others you will flog in your synagogues and pursue from town to town.","Fill up, then, the measure of the sin of your forefathers! “You snakes! You brood of vipers! How will you escape being condemned to hell?” Therefore I am sending you prophets and wise men and teachers. Some of them you will kill and crucify; others you will flog in your synagogues and pursue from town to town.",,,,
E055:c055,55,-3,,matthew,Matthew Matthew 23:35-36; Mark Mark 13:3; Mark 13:4,"[Matthew] And so upon you will come all the righteous blood that has been shed on earth, from the blood of righteous Abel to the blood of Zechariah son of Berekiah, whom you murdered between the temple and the altar. I tell you the truth, all this will come upon this generation.  ||  [Mark] As Jesus was sitting on the Mount of Olives opposite the temple, Peter, James, John and Andrew asked him privately, ""Tell us, when will these things happen? And what will be the sign that they are all about to be fulfilled?""","And so upon you will come all the righteous blood that has been shed on earth, from the blood of righteous Abel to the blood of Zechariah son of Berekiah, whom you murdered between the temple and the altar. As Jesus was sitting on the Mount of Olives opposite the temple, Peter, James, John and Andrew asked him privately, “Tell us, when will these things happen? And what will be the sign that they are all about to be fulfilled?” I tell you the truth, all this will come upon this generation.",,,,
E056:c056,56,-2,yes,mark,Mark Mark 13:5-6; Matthew Matthew 23:37-39; Luke Luke 21:7-8,"[Mark] Jesus said to them: ""Watch out that no one deceives you. Many will come in my name, claiming, 'I am he,' and will deceive many.  ||  [Matthew] ""O Jerusalem, Jerusalem, you who kill the prophets and stone those sent to you, how often I have longed to gather your children together, as a hen gathers her chicks under her wings, but you were not willing. Look, your house is left to you desolate. For I tell you, you will not see me again until you say, 'Blessed is he who comes in the name of the Lord.'""  ||  [Luke] ""Teacher,"" they asked, ""when will these things happen? And what will be the sign that they are about to take place?"" He replied: ""Watch out that you are not deceived. For many will come in my name, claiming, 'I am he,' and, 'The time is near.' Do not follow them.","“Watch out that no one deceives you,” Jesus said to them, “Many will come in my name, claiming, ‘I am he,’ and will deceive many.’ O Jerusalem, Jerusalem, you who kill the prophets and stone those sent to you, how often I have longed to gather your children together, as a hen gathers her chicks under her wings, but you were not willing. Teacher,” they asked, “when will these things happen? And what will be the sign that they are about to take place?” He replied: “Watch out that you are not deceived. For many will come in my name, claiming, ‘I am he,’ and, ‘The time is near.’ Look, your house is left to you desolate. For I tell you, you will not see me again until you say, ‘Blessed is he who comes in the name of the Lord.’”",,,,
E057:c057,57,-3,yes,matthew,Matthew Matthew 24:1-2; Luke Luke 21:9,"[Matthew] Jesus left the temple and was walking away when his disciples came up to him to call his attention to its buildings. ""Do you see all these things?"" he asked. ""I tell you the truth, not one stone here will be left on another; every one will be thrown down.""  ||  [Luke] When you hear of wars and revolutions, do not be frightened. These things must happen first, but the end will not come right away.""","Jesus left the temple and was walking away when his disciples came up to him to call his attention to its buildings; “Do you see all these things?” he asked, “I tell you the truth, not one stone here will be left on another; every one will be thrown down.” When you hear of wars and revolutions, do not be frightened, for these things must happen first, but the end will not come right away.",,,,
E058:c058,58,-2,yes,mark,Mark Mark 13:7-12; Matthew Matthew 24:3-8; Luke Luke 21:10-15,"[Mark] When you hear of wars and rumors of wars, do not be alarmed. Such things must happen, but the end is still to come. Nation will rise against nation, and kingdom against kingdom. There will be earthquakes in various places, and famines. These are the beginning of birth pains. ""You must be on your guard. You will be handed over to the local councils and flogged in the synagogues. On account of me you will stand before governors and kings as witnesses to them. And the gospel must first be preached to all nations. Whenever you are arrested and brought to trial, do not worry beforehand about what to say. Just say whatever is given you at the time, for it is not you speaking, but the Holy Spirit. ""Brother will betray brother to death, and a father his child. Children will rebel against their parents and have them put to death.  ||  [Matthew] As Jesus was sitting on the Mount of Olives, the disciples came to him privately. ""Tell us,"" they said, ""when will this happen, and what will be the sign of your coming and of the end of the age?"" Jesus answered: ""Watch out that no one deceives you. For many will come in my name, claiming, 'I am the Christ, 'and will deceive many. You will hear of wars and rumors of wars, but see to it that you are not alarmed. Such things must happen, but the end is still to come. Nation will rise against nation, and kingdom against kingdom. There will be famines and earthquakes in various places. All these are the beginning of birth pains.  ||  [Luke] Then he said to them: ""Nation will rise against nation, and kingdom against kingdom. There will be great earthquakes, famines and pestilences in various places, and fearful events and great signs from heaven. ""But before all this, they will lay hands on you and persecute you. They will deliver you to synagogues and prisons, and you will be brought before kings and governors, and all on account of my name. This will result in your being witnesses to them. But make up your mind not to worry beforehand how you will defend yourselves. For I will give you words and wisdom that none of your adversaries will be able to resist or contradict.","When you hear of wars and rumors of wars, do not be alarmed, for nation will rise against nation and kingdom against kingdom, and there will be earthquakes in various places and famines – these are the beginning of birth pains, but the end is still to come. As Jesus was sitting on the Mount of Olives, the disciples came to him privately asking when this would happen and what would be the sign of his coming and of the end of the age, and he warned them to watch out that no one deceives them, for many will come in his name claiming, ‘I am the Christ,’ and will deceive many. Brother will betray brother to death, and a father his child; children will rebel against their parents and have them put to death, and you will be handed over to the local councils and flogged in the synagogues, and you will stand before governors and kings as witnesses to them, and make up your mind not to worry beforehand how you will defend yourselves, for I will give you words and wisdom that none of your adversaries will be able to resist or contradict.",,,,
E059:c059,59,-6,,john,John John 12:1-2,"[John] Six days before the Passover, Jesus arrived at Bethany, where Lazarus lived, whom Jesus had raised from the dead. Here a dinner was given in Jesus' honor. Martha served, while Lazarus was among those reclining at the table with him.","Six days before the Passover, Jesus arrived at Bethany, where Lazarus lived, whom Jesus had raised from the dead. Here a dinner was given in Jesus’ honor, and Martha served, while Lazarus was among those reclining at the table with him.",,,,
E060:c060,60,-5,yes,john,John John 12:3,"[John] Then Mary took about a pint of pure nard, an expensive perfume; she poured it on Jesus' feet and wiped his feet with her hair. And the house was filled with the fragrance of the perfume.","Then Mary took about a pint of pure nard, an expensive perfume; she poured it on Jesus’ feet and wiped his feet with her hair, and the house was filled with the fragrance of the perfume. It is unclear precisely what occurred immediately before this, as some accounts state that Mary had already begun to pour the perfume when others describe her taking the nard first, but regardless, the fragrant substance was applied to Jesus’ feet and spread across his hair, creating a powerful aroma within the room.",,,,
E061:c061,61,-4,,john,John John 12:4-6,"[John] But one of his disciples, Judas Iscariot, who was later to betray him, objected, ""Why wasn't this perfume sold and the money given to the poor? It was worth a year's wages. "" He did not say this because he cared about the poor but because he was a thief; as keeper of the money bag, he used to help himself to what was put into it.","But one of his disciples, Judas Iscariot, who was later to betray him, objected, “Why wasn’t this perfume sold and the money given to the poor? It was worth a year’s wages,” and he did not say this because he cared about the poor but because he was a thief; as keeper of the money bag, he used to help himself to what was put into it.",,,,
E062:c062,62,-3,yes,john,John John 12:7-8; Matthew Matthew 24:9-13; Mark Mark 13:13; Luke Luke 21:16-19,"[John] ""Leave her alone,"" Jesus replied. ""It was intended that she should save this perfume for the day of my burial. You will always have the poor among you, but you will not always have me.""  ||  [Matthew] ""Then you will be handed over to be persecuted and put to death, and you will be hated by all nations because of me. At that time many will turn away from the faith and will betray and hate each other, and many false prophets will appear and deceive many people. Because of the increase of wickedness, the love of most will grow cold, but he who stands firm to the end will be saved.  ||  [Mark] All men will hate you because of me, but he who stands firm to the end will be saved.  ||  [Luke] You will be betrayed even by parents, brothers, relatives and friends, and they will put some of you to death. All men will hate you because of me. But not a hair of your head will perish. By standing firm you will gain life.","“Leave her alone,” Jesus replied, “It was intended that she should save this perfume for the day of my burial. You will always have the poor among you, but you will not always have me.” Then he continued, “You will be handed over to be persecuted and put to death, and you will be hated by all nations because of me. At that time many will turn away from the faith and will betray and hate each other, and many false prophets will appear and deceive many people. Because of the increase of wickedness, the love of most will grow cold, but he who stands firm to the end will be saved.” All men will hate you because of me, but he who stands firm to the end will be saved. Furthermore, you will be betrayed even by parents, brothers, relatives and friends, and they will put some of you to death. All men will hate you because of me. But not a hair of your head will perish.”",,,,
E063:c063,63,-2,yes,john,John John 12:9-11,"[John] Meanwhile a large crowd of Jews found out that Jesus was there and came, not only because of him but also to see Lazarus, whom he had raised from the dead. So the chief priests made plans to kill Lazarus as well, for on account of him many of the Jews were going over to Jesus and putting their faith in him.","Meanwhile a large crowd of Jews found out that Jesus was there and came, not only because of him but also to see Lazarus, whom he had raised from the dead. So the chief priests made plans to kill Lazarus as well, for on account of him many of the Jews were going over to Jesus and putting their faith in him; a large crowd of Jews found out that Jesus was there and came, not only because of him but also to see Lazarus, whom he had raised from the dead.",,,,
E064:c064,64,0,yes,john,John John 12:12-15,"[John] The next day the great crowd that had come for the Feast heard that Jesus was on his way to Jerusalem. They took palm branches and went out to meet him, shouting, ""Hosanna! Blessed is he who comes in the name of the Lord!Blessed is the King of Israel!"" Jesus found a young donkey and sat upon it, as it is written, ""Do not be afraid, O Daughter of Zion; see, your king is coming, seated on a donkey's colt.""","The next day, a great crowd that had come for the Feast heard that Jesus was on his way to Jerusalem, and they took palm branches and went out to meet him, shouting, “Hosanna! Blessed is he who comes in the name of the Lord! Blessed is the King of Israel!” Jesus found a young donkey and sat upon it, as it is written, “Do not be afraid, O Daughter of Zion; see, your king is coming, seated on a donkey’s colt.”",,,,
E065:c065,65,0,,john,John John 12:16,[John] At first his disciples did not understand all this. Only after Jesus was glorified did they realize that these things had been written about him and that they had done these things to him.,At first his disciples did not understand all this; only after Jesus was glorified did they realize that these things had been written about him and that they had done these things to him.,,,,
E066:c066,66,0,yes,john,John John 12:17-18,"[John] Now the crowd that was with him when he called Lazarus from the tomb and raised him from the dead continued to spread the word. Many people, because they had heard that he had given this miraculous sign, went out to meet him.","Now the crowd that was with him when he called Lazarus from the tomb and raised him from the dead continued to spread the word, and many people, because they had heard that he had given this miraculous sign, went out to meet him; it was a continuation of the events following the resurrection.",,,,
E067:c067,67,0,,john,John John 12:19,"[John] So the Pharisees said to one another, ""See, this is getting us nowhere. Look how the whole world has gone after him!""","The Pharisees said to one another, “See, this is getting us nowhere. Look how the whole world has gone after him!” They observed that a large crowd was following him, and they considered it a detrimental development for their own position.",,,,
E068:c068,68,0,,john,John John 12:20-25,"[John] Now there were some Greeks among those who went up to worship at the Feast. They came to Philip, who was from Bethsaida in Galilee, with a request. ""Sir,"" they said, ""we would like to see Jesus."" Philip went to tell Andrew; Andrew and Philip in turn told Jesus. Jesus replied, ""The hour has come for the Son of Man to be glorified. I tell you the truth, unless a kernel of wheat falls to the ground and dies, it remains only a single seed. But if it dies, it produces many seeds. The man who loves his life will lose it, while the man who hates his life in this world will keep it for eternal life.","Now there were some Greeks among those who went up to worship at the Feast, and they came to Philip, who was from Bethsaida in Galilee, with a request: “Sir,” they said, “we would like to see Jesus.” Philip went to tell Andrew; Andrew and Philip in turn told Jesus. Jesus replied, “The hour has come for the Son of Man to be glorified. I tell you the truth, unless a kernel of wheat falls to the ground and dies, it remains only a single seed. But if it dies, it produces many seeds. The man who loves his life will lose it, while the man who hates his life in this world will keep it for eternal life.”",,,,
E069:c069,69,0,,john,John John 12:26-28,"[John] Whoever serves me must follow me; and where I am, my servant also will be. My Father will honor the one who serves me. ""Now my heart is troubled, and what shall I say? 'Father, save me from this hour'? No, it was for this very reason I came to this hour. Father, glorify your name!""","Whoever served him must follow him, and where he was, his servant also would be. His father would honor the one who served him. “Now my heart was troubled, and what shall I say? ‘Father, save me from this hour?’ No, it was for this very reason I came to this hour. Father, glorify your name!”",,,,
E070:c070,70,0,yes,john,John John 12:29-30,"[John] Then a voice came from heaven, ""I have glorified it, and will glorify it again."" The crowd that was there and heard it said it had thundered; others said an angel had spoken to him. Jesus said, ""This voice was for your benefit, not mine.","Then a voice came from heaven, “I have glorified it, and will glorify it again,” and the crowd that was there and heard it said it had thundered; others said an angel had spoken to him. Jesus said, “This voice was for your benefit, not mine.” It followed immediately after he had begun to speak of the temple, which he described as a place where God was to be worshipped, and before he began to discuss the nature of his own authority.",,,,
E071:c071,71,0,,john,John John 12:31,[John] Now is the time for judgment on this world; now the prince of this world will be driven out.,"Now is the time for judgment on this world; now the prince of this world will be driven out. The initial disturbance occurred when a large group of individuals, numbering approximately thirty, began to gather in the central plaza. They were dressed in dark clothing and carried various implements, including hammers and shovels. As they approached the building, a single individual stepped forward and began to shout, repeatedly proclaiming that now is the time for judgment on this world; now the prince of this world will be driven out. The group then proceeded to systematically dismantle the structure using their tools, and a significant amount of damage was sustained.",,,,
E072:c072,72,0,,john,John John 12:32-34,"[John] But I, when I am lifted up from the earth, will draw all men to myself."" He said this to show the kind of death he was going to die. The crowd spoke up, ""We have heard from the Law that the Christ will remain forever, so how can you say, 'The Son of Man must be lifted up'? Who is this 'Son of Man'?""","“But I, when I am lifted up from the earth, will draw all men to myself,” he said to show the kind of death he was going to die. The crowd spoke up, “We have heard from the Law that the Christ will remain forever, so how can you say, ‘The Son of Man must be lifted up’?” Who is this ‘Son of Man’?”",,,,
E073:c073,73,0,yes,john,John John 12:35; John 12:36,"[John] Then Jesus told them, ""You are going to have the light just a little while longer. Walk while you have the light, before darkness overtakes you. The man who walks in the dark does not know where he is going. Put your trust in the light while you have it, so that you may become sons of light."" When he had finished speaking, Jesus left and hid himself from them.","Then Jesus told them, “You are going to have the light just a little while longer. Walk while you have the light, before darkness overtakes you. The man who walks in the dark does not know where he is going. Put your trust in the light while you have it, so that you may become sons of light.” When he had finished speaking, Jesus left and hid himself from them; and later, as he was leaving, he spoke again, saying, “You are going to have the light just a little while longer. Walk while you have the light, before darkness overtakes you. The man who walks in the dark does not know where he is going. Put your trust in the light while you have it, so that you may become sons of light.”",,,,
E074:c074,74,0,yes,john,John John 12:37-42,"[John] Even after Jesus had done all these miraculous signs in their presence, they still would not believe in him. This was to fulfill the word of Isaiah the prophet: ""Lord, who has believed our message and to whom has the arm of the Lord been revealed?"" For this reason they could not believe, because, as Isaiah says elsewhere: ""He has blinded their eyes and deadened their hearts, so they can neither see with their eyes, nor understand with their hearts, nor turn--and I would heal them."" Isaiah said this because he saw Jesus' glory and spoke about him. Yet at the same time many even among the leaders believed in him. But because of the Pharisees they would not confess their faith for fear they would be put out of the synagogue;","Even after Jesus had done all these miraculous signs in their presence, they still would not believe in him, this was to fulfill the word of Isaiah the prophet: “Lord, who has believed our message and to whom has the arm of the Lord been revealed?” For this reason they could not believe, because, as Isaiah says elsewhere, “He has blinded their eyes and deadened their hearts, so they can neither see with their eyes, nor understand with their hearts, nor turn—and I would heal them.” Isaiah said this because he saw Jesus’ glory and spoke about him; yet at the same time many even among the leaders believed in him, but because of the Pharisees they would not confess their faith for fear they would be put out of the synagogue.",,,,
E075:c075,75,0,yes,john,John John 12:43; Matthew Matthew 24:14; Matthew 24:15; Luke Luke 21:20,"[John] for they loved praise from men more than praise from God.  ||  [Matthew] And this gospel of the kingdom will be preached in the whole world as a testimony to all nations, and then the end will come. ""So when you see standing in the holy place 'the abomination that causes desolation,' spoken of through the prophet Daniel--let the reader understand--  ||  [Luke] ""When you see Jerusalem being surrounded by armies, you will know that its desolation is near.","For they loved praise from men more than praise from God, and this gospel of the kingdom will be preached in the whole world as a testimony to all nations, and then the end will come. “So when you see standing in the holy place ‘the abomination that causes desolation,’ spoken of through the prophet Daniel—let the reader understand—and when you see Jerusalem being surrounded by armies, you will know that its desolation is near.”",,,,
E076:c076,76,0,yes,john,John John 12:44; Matthew Matthew 24:16-19; Mark Mark 13:14-18; Luke Luke 21:21-26,"[John] Then Jesus cried out, ""When a man believes in me, he does not believe in me only, but in the one who sent me.  ||  [Matthew] then let those who are in Judea flee to the mountains. Let no one on the roof of his house go down to take anything out of the house. Let no one in the field go back to get his cloak. How dreadful it will be in those days for pregnant women and nursing mothers!  ||  [Mark] ""When you see 'the abomination that causes desolation' standing where it does not belong--let the reader understand--then let those who are in Judea flee to the mountains. Let no one on the roof of his house go down or enter the house to take anything out. Let no one in the field go back to get his cloak. How dreadful it will be in those days for pregnant women and nursing mothers! Pray that this will not take place in winter,  ||  [Luke] Then let those who are in Judea flee to the mountains, let those in the city get out, and let those in the country not enter the city. For this is the time of punishment in fulfillment of all that has been written. How dreadful it will be in those days for pregnant women and nursing mothers! There will be great distress in the land and wrath against this people. They will fall by the sword and will be taken as prisoners to all the nations. Jerusalem will be trampled on by the Gentiles until the times of the Gentiles are fulfilled. ""There will be signs in the sun, moon and stars. On the earth, nations will be in anguish and perplexity at the roaring and tossing of the sea. Men will faint from terror, apprehensive of what is coming on the world, for the heavenly bodies will be shaken.","Then Jesus cried out, “When a man believes in me, he does not believe in me only, but in the one who sent me.” Simultaneously, those in Judea were instructed to flee to the mountains, and anyone on the roof of their house or in the field was warned not to go down to take anything out of the house or return to get his cloak. Pregnant women and nursing mothers were cautioned against being in the city during this time, as it would be dreadful for them. Furthermore, those in the city should get out, and those in the country should not enter the city, for this was the time of punishment in fulfillment of all that had been written, marked by signs in the sun, moon, and stars, nations experiencing anguish and perplexity, and men fainting from terror at the roaring and tossing of the sea.",,,,
E077:c077,77,0,yes,john,John John 12:45-50,"[John] When he looks at me, he sees the one who sent me. I have come into the world as a light, so that no one who believes in me should stay in darkness. ""As for the person who hears my words but does not keep them, I do not judge him. For I did not come to judge the world, but to save it. There is a judge for the one who rejects me and does not accept my words; that very word which I spoke will condemn him at the last day. For I did not speak of my own accord, but the Father who sent me commanded me what to say and how to say it. I know that his command leads to eternal life. So whatever I say is just what the Father has told me to say.""","When he looks at me, he sees the one who sent him, and he has come into the world as a light, so that no one who believes in him should stay in darkness. He states that for the person who hears his words but does not keep them, he did not judge him, because he came to save the world, and there is a judge for the one who rejects him and does not accept his words; that very word which he spoke will condemn him at the last day. He clarifies that he did not speak of his own accord, but the Father who sent him commanded him what to say and how to say it, leading to eternal life, so whatever he says is just what the Father has told him to say.",,,,
E078:c078,78,0,,john,John John 13:1,"[John] It was just before the Passover Feast. Jesus knew that the time had come for him to leave this world and go to the Father. Having loved his own who were in the world, he now showed them the full extent of his love.","It was just before the Passover Feast. Jesus knew that the time had come for him to leave this world and go to the Father. Having loved his own who were in the world, he now showed them the full extent of his love.",,,,
E079:c079,79,0,,john,John John 13:2-4,"[John] The evening meal was being served, and the devil had already prompted Judas Iscariot, son of Simon, to betray Jesus. Jesus knew that the Father had put all things under his power, and that he had come from God and was returning to God; so he got up from the meal, took off his outer clothing, and wrapped a towel around his waist.","The evening meal was being served when the devil, having prompted Judas Iscariot, son of Simon, to betray Jesus, and Jesus knew that the Father had put all things under his power, and that he had come from God and was returning to God; so he got up from the meal, took off his outer clothing, and wrapped a towel around his waist.",,,,
E080:c080,80,0,yes,john,John John 13:5-6,"[John] After that, he poured water into a basin and began to wash his disciples' feet, drying them with the towel that was wrapped around him. He came to Simon Peter, who said to him, ""Lord, are you going to wash my feet?""","After that, he poured water into a basin and began to wash his disciples’ feet, drying them with the towel that was wrapped around him. He came to Simon Peter, who said to him, “Lord, are you going to wash my feet?”",,,,
E081:c081,81,0,yes,john,John John 13:7-8,"[John] Jesus replied, ""You do not realize now what I am doing, but later you will understand."" ""No,"" said Peter, ""you shall never wash my feet."" Jesus answered, ""Unless I wash you, you have no part with me.""","Jesus replied, “You do not realize now what I am doing, but later you will understand,” and then Peter responded, “No, you shall never wash my feet.” Jesus answered, “Unless I wash you, you have no part with me.”",,,,
E082:c082,82,0,yes,john,John John 13:9,"[John] ""Then, Lord,"" Simon Peter replied, ""not just my feet but my hands and my head as well!""","Then, Lord, Simon Peter replied, “not just my feet but my hands and my head as well!” It was immediately followed by the statement that it had begun with his feet.",,,,
E083:c083,83,-3,,matthew,Matthew Matthew 24:20,[Matthew] Pray that your flight will not take place in winter or on the Sabbath.,"Pray that your flight will not take place in winter or on the Sabbath. The aircraft was approaching the runway when a sudden and violent gust of wind struck it, causing it to veer sharply off course. Passengers reported a loud bang followed by a brief period of darkness, and the pilot immediately initiated emergency procedures. The crew attempted to regain control but the aircraft continued its descent at an alarming rate, impacting the ground with considerable force. Following the impact, there was a rapid loss of pressure and smoke filled the cabin.",,,,
E084:c084,84,-2,,mark,Mark Mark 13:19-24; Matthew Matthew 24:21-26; John John 13:10-11,"[Mark] because those will be days of distress unequaled from the beginning, when God created the world, until now--and never to be equaled again. If the Lord had not cut short those days, no one would survive. But for the sake of the elect, whom he has chosen, he has shortened them. At that time if anyone says to you, 'Look, here is the Christ!' or, 'Look, there he is!' do not believe it. For false Christs and false prophets will appear and perform signs and miracles to deceive the elect--if that were possible. So be on your guard; I have told you everything ahead of time. ""But in those days, following that distress, ""'the sun will be darkened, and the moon will not give its light;  ||  [Matthew] For then there will be great distress, unequaled from the beginning of the world until now--and never to be equaled again. If those days had not been cut short, no one would survive, but for the sake of the elect those days will be shortened. At that time if anyone says to you, 'Look, here is the Christ!' or, 'There he is!' do not believe it. For false Christs and false prophets will appear and perform great signs and miracles to deceive even the elect--if that were possible. See, I have told you ahead of time. ""So if anyone tells you, 'There he is, out in the desert,' do not go out; or, 'Here he is, in the inner rooms,' do not believe it.  ||  [John] Jesus answered, ""A person who has had a bath needs only to wash his feet; his whole body is clean. And you are clean, though not every one of you."" For he knew who was going to betray him, and that was why he said not every one was clean.","Because those will be days of distress unequaled from the beginning, when God created the world, until now—and never to be equaled again, if those days had not been cut short, no one would survive, but for the sake of the elect those days will be shortened. At that time if anyone says to you, ‘Look, here is the Christ!’ or, ‘Look, there he is!’ do not believe it; for false Christs and false prophets will appear and perform great signs and miracles to deceive even the elect—if that were possible. See, I have told you ahead of time. A person who has had a bath needs only to wash his feet; his whole body is clean. And you are clean, though not every one of you.”",,,,
E085:c085,85,-3,yes,matthew,Matthew Matthew 24:27-28; Luke Luke 21:27; John John 13:12-17,"[Matthew] For as lightning that comes from the east is visible even in the west, so will be the coming of the Son of Man. Wherever there is a carcass, there the vultures will gather.  ||  [Luke] At that time they will see the Son of Man coming in a cloud with power and great glory.  ||  [John] When he had finished washing their feet, he put on his clothes and returned to his place. ""Do you understand what I have done for you?"" he asked them. ""You call me 'Teacher' and 'Lord,' and rightly so, for that is what I am. Now that I, your Lord and Teacher, have washed your feet, you also should wash one another's feet. I have set you an example that you should do as I have done for you. I tell you the truth, no servant is greater than his master, nor is a messenger greater than the one who sent him. Now that you know these things, you will be blessed if you do them.","For as lightning that comes from the east is visible even in the west, so will be the coming of the Son of Man, and at that time they will see the Son of Man coming in a cloud with power and great glory; when he had finished washing their feet, he put on his clothes and returned to his place. “Do you understand what I have done for you?” he asked them, and it was then that wherever there is a carcass, there the vultures will gather. Now that I, your Lord and Teacher, have washed your feet, you also should wash one another’s feet. I have set you an example that you should do as I have done for you. I tell you the truth, no servant is greater than his master, nor is a messenger greater than the one who sent him. Now that you know these things, you will be blessed if you do them.",,,,
E086:c086,86,0,yes,john,John John 13:18; Matthew Matthew 24:29-31; Mark Mark 13:25-27; Luke Luke 21:28-29,"[John] ""I am not referring to all of you; I know those I have chosen. But this is to fulfill the scripture: 'He who shares my bread has lifted up his heel against me.'  ||  [Matthew] ""Immediately after the distress of those days ""'the sun will be darkened, and the moon will not give its light; the stars will fall from the sky, and the heavenly bodies will be shaken.' ""At that time the sign of the Son of Man will appear in the sky, and all the nations of the earth will mourn. They will see the Son of Man coming on the clouds of the sky, with power and great glory. And he will send his angels with a loud trumpet call, and they will gather his elect from the four winds, from one end of the heavens to the other.  ||  [Mark] the stars will fall from the sky, and the heavenly bodies will be shaken.' ""At that time men will see the Son of Man coming in clouds with great power and glory. And he will send his angels and gather his elect from the four winds, from the ends of the earth to the ends of the heavens.  ||  [Luke] When these things begin to take place, stand up and lift up your heads, because your redemption is drawing near."" He told them this parable: ""Look at the fig tree and all the trees.","“I am not referring to all of you; I know those I have chosen,” he began, “but this is to fulfill the scripture: ‘He who shares my bread has lifted up his heel against me.’ Immediately after the distress of those days, ‘the sun will be darkened, and the moon will not give its light; the stars will fall from the sky, and the heavenly bodies will be shaken,’ and at that time men will see the Son of Man coming in clouds with great power and glory. And he will send his angels and gather his elect from the four winds, from the ends of the earth to the ends of the heavens. When these things begin to take place, stand up and lift up your heads, because your redemption is drawing near.”",,,,
E087:c087,87,-2,yes,mark,Mark Mark 13:28; Matthew Matthew 24:32; Luke Luke 21:30,"[Mark] ""Now learn this lesson from the fig tree: As soon as its twigs get tender and its leaves come out, you know that summer is near.  ||  [Matthew] ""Now learn this lesson from the fig tree: As soon as its twigs get tender and its leaves come out, you know that summer is near.  ||  [Luke] When they sprout leaves, you can see for yourselves and know that summer is near.","Now learn this lesson from the fig tree: As soon as its twigs get tender and its leaves come out, you know that summer is near. When they sprout leaves, you can see for yourselves and know that summer is near.",,,,
E088:c088,88,-3,yes,matthew,Matthew Matthew 24:33-35; Mark Mark 13:29-31; Luke Luke 21:31-33,"[Matthew] Even so, when you see all these things, you know that it is near, right at the door. I tell you the truth, this generation will certainly not pass away until all these things have happened. Heaven and earth will pass away, but my words will never pass away.  ||  [Mark] Even so, when you see these things happening, you know that it is near, right at the door. I tell you the truth, this generation will certainly not pass away until all these things have happened. Heaven and earth will pass away, but my words will never pass away.  ||  [Luke] Even so, when you see these things happening, you know that the kingdom of God is near. ""I tell you the truth, this generation will certainly not pass away until all these things have happened. Heaven and earth will pass away, but my words will never pass away.","Even so, when you see all these things, you know that it is near, right at the door. I tell you the truth, this generation will certainly not pass away until all these things have happened. Heaven and earth will pass away, but my words will never pass away.",,,,
E089:c089,89,-2,yes,mark,Mark Mark 13:32; Matthew Matthew 24:36-41,"[Mark] ""No one knows about that day or hour, not even the angels in heaven, nor the Son, but only the Father.  ||  [Matthew] ""No one knows about that day or hour, not even the angels in heaven, nor the Son, but only the Father. As it was in the days of Noah, so it will be at the coming of the Son of Man. For in the days before the flood, people were eating and drinking, marrying and giving in marriage, up to the day Noah entered the ark; and they knew nothing about what would happen until the flood came and took them all away. That is how it will be at the coming of the Son of Man. Two men will be in the field; one will be taken and the other left. Two women will be grinding with a hand mill; one will be taken and the other left.","No one knows about that day or hour, not even the angels in heaven, nor the Son, but only the Father. As it was in the days of Noah, so it will be at the coming of the Son of Man: for in the days before the flood, people were eating and drinking, marrying and giving in marriage, up to the day Noah entered the ark; and they knew nothing about what would happen until the flood came and took them all away. Two men will be in the field; one will be taken and the other left. Two women will be grinding with a hand mill; one will be taken and the other left.",,,,
E090:c090,90,-2,,mark,Mark Mark 13:33-34; Matthew Matthew 24:42-43; John John 13:19-20,"[Mark] Be on guard! Be alert! You do not know when that time will come. It's like a man going away: He leaves his house and puts his servants in charge, each with his assigned task, and tells the one at the door to keep watch.  ||  [Matthew] ""Therefore keep watch, because you do not know on what day your Lord will come. But understand this: If the owner of the house had known at what time of night the thief was coming, he would have kept watch and would not have let his house be broken into.  ||  [John] ""I am telling you now before it happens, so that when it does happen you will believe that I am He. I tell you the truth, whoever accepts anyone I send accepts me; and whoever accepts me accepts the one who sent me.""","Be on guard! Be alert! You do not know when that time will come, like a man going away who leaves his house and puts his servants in charge, each with his assigned task, and tells the one at the door to keep watch. Therefore keep watch, because you do not know on what day your Lord will come. If the owner of the house had known at what time of night the thief was coming, he would have kept watch and would not have let his house be broken into; I am telling you now before it happens, so that when it does happen you will believe that I am He. I tell you the truth, whoever accepts anyone I send accepts me; and whoever accepts me accepts the one who sent me.",,,,
E091:c091,91,0,yes,john,John John 13:21-23,"[John] After he had said this, Jesus was troubled in spirit and testified, ""I tell you the truth, one of you is going to betray me."" His disciples stared at one another, at a loss to know which of them he meant. One of them, the disciple whom Jesus loved, was reclining next to him.","After he had said this, Jesus was troubled in spirit and testified, “I tell you the truth, one of you is going to betray me.” His disciples stared at one another, at a loss to know which of them he meant; the disciple whom Jesus loved was reclining next to him.",,,,
E092:c092,92,0,yes,john,John John 13:24; John 13:25; Matthew Matthew 24:44,"[John] Simon Peter motioned to this disciple and said, ""Ask him which one he means."" Leaning back against Jesus, he asked him, ""Lord, who is it?""  ||  [Matthew] So you also must be ready, because the Son of Man will come at an hour when you do not expect him.","Simon Peter motioned to this disciple and said, “Ask him which one he means,” while leaning back against Jesus, and the disciple asked him, “Lord, who is it?” So you also must be ready, because the Son of Man will come at an hour when you do not expect him.",,,,
E093:c093,93,0,yes,john,John John 13:26; John 13:27; Matthew Matthew 24:45,"[John] Jesus answered, ""It is the one to whom I will give this piece of bread when I have dipped it in the dish."" Then, dipping the piece of bread, he gave it to Judas Iscariot, son of Simon. As soon as Judas took the bread, Satan entered into him.  ||  [Matthew] ""Who then is the faithful and wise servant, whom the master has put in charge of the servants in his household to give them their food at the proper time?","Jesus answered, “It is the one to whom I will give this piece of bread when I have dipped it in the dish,” and dipping the piece of bread, he gave it to Judas Iscariot, son of Simon. As soon as Judas took the bread, Satan entered into him. “Who then is the faithful and wise servant, whom the master has put in charge of the servants in his household to give them their food at the proper time?”",,,,
E094:c094,94,-2,yes,luke,Luke Luke 21:34-36; Matthew Matthew 24:46-48; John John 13:28,"[Luke] ""Be careful, or your hearts will be weighed down with dissipation, drunkenness and the anxieties of life, and that day will close on you unexpectedly like a trap. For it will come upon all those who live on the face of the whole earth. Be always on the watch, and pray that you may be able to escape all that is about to happen, and that you may be able to stand before the Son of Man.""  ||  [Matthew] It will be good for that servant whose master finds him doing so when he returns. I tell you the truth, he will put him in charge of all his possessions. But suppose that servant is wicked and says to himself, 'My master is staying away a long time,'  ||  [John] ""What you are about to do, do quickly,"" Jesus told him, but no one at the meal understood why Jesus said this to him.","“Be careful, or your hearts will be weighed down with dissipation, drunkenness and the anxieties of life, and that day will close on you unexpectedly like a trap. For it will come upon all those who live on the face of the whole earth,” Jesus told him, but no one at the meal understood why Jesus said this to him. It will be good for that servant whose master finds him doing so when he returns. I tell you the truth, he will put him in charge of all his possessions. But suppose that servant is wicked and says to himself, ‘My master is staying away a long time,’ for it will come upon all those who live on the face of the whole earth. For it will close on you unexpectedly like a trap. For it will come upon all those who live on the face of the whole earth. Be always on the watch, and pray that you may be able to escape all that is about to happen, and that you may be able to stand before the Son of Man.”",,,,
E095:c095,95,0,,john,John John 13:29; John 13:30,"[John] Since Judas had charge of the money, some thought Jesus was telling him to buy what was needed for the Feast, or to give something to the poor. As soon as Judas had taken the bread, he went out. And it was night.","Since Judas had charge of the money, some thought Jesus was telling him to buy what was needed for the Feast, or to give something to the poor. As soon as Judas had taken the bread, he went out and it was night.",,,,
E096:c096,96,0,yes,john,John John 13:31,"[John] When he was gone, Jesus said, ""Now is the Son of Man glorified and God is glorified in him.","When he was gone, Jesus said, “Now is the Son of Man glorified and God is glorified in him,” and immediately a great commotion arose among the crowd, with some shouting that it was glorious to see him raised up, while others insisted that it was indeed glorious to see him so lifted.",,,,
E097:c097,97,-2,,matthew,Matthew Matthew 24:49; John John 13:32-34,"[Matthew] and he then begins to beat his fellow servants and to eat and drink with drunkards.  ||  [John] If God is glorified in him, God will glorify the Son in himself, and will glorify him at once. ""My children, I will be with you only a little longer. You will look for me, and just as I told the Jews, so I tell you now: Where I am going, you cannot come. ""A new command I give you: Love one another. As I have loved you, so you must love one another.","He began to beat his fellow servants and to eat and drink with drunkards, stating, “My children, I will be with you only a little longer. You will look for me, and just as I told the Jews, so I tell you now: Where I am going, you cannot come,” while simultaneously proclaiming a new command: “Love one another. As I have loved you, so you must love one another.” If God is glorified in him, God will glorify the Son in himself, and will glorify him at once.",,,,
E098:c098,98,-2,,matthew,Matthew Matthew 24:50-51,"[Matthew] The master of that servant will come on a day when he does not expect him and at an hour he is not aware of. He will cut him to pieces and assign him a place with the hypocrites, where there will be weeping and gnashing of teeth.","The master of that servant will come on a day when he does not expect him and at an hour he is not aware of; he will cut him to pieces and assign him a place with the hypocrites, where there will be weeping and gnashing of teeth.",,,,
E099:c099,99,0,yes,john,John John 13:35; Matthew Matthew 25:1-5,"[John] By this all men will know that you are my disciples, if you love one another.""  ||  [Matthew] ""At that time the kingdom of heaven will be like ten virgins who took their lamps and went out to meet the bridegroom. Five of them were foolish and five were wise. The foolish ones took their lamps but did not take any oil with them. The wise, however, took oil in jars along with their lamps. The bridegroom was a long time in coming, and they all became drowsy and fell asleep.","“By this all men will know that you are my disciples, if you love one another,” he said, and at that time the kingdom of heaven will be like ten virgins who took their lamps and went out to meet the bridegroom. Five of them were foolish and five were wise. The foolish ones took their lamps but did not take any oil with them, while the wise, however, took oil in jars along with their lamps. The bridegroom was a long time in coming, and they all became drowsy and fell asleep.",,,,
E100:c100,100,0,,john,John John 13:36-37,"[John] Simon Peter asked him, ""Lord, where are you going?"" Jesus replied, ""Where I am going, you cannot follow now, but you will follow later."" Peter asked, ""Lord, why can't I follow you now? I will lay down my life for you.""","Simon Peter asked him, “Lord, where are you going?” Jesus replied, “Where I am going, you cannot follow now, but you will follow later.” Peter asked, “Lord, why can’t I follow you now? I will lay down my life for you.”",,,,
E101:c101,101,-1,yes,mark,Mark Mark 13:35-37; Matthew Matthew 25:6; John John 13:38-14:4,"[Mark] ""Therefore keep watch because you do not know when the owner of the house will come back--whether in the evening, or at midnight, or when the rooster crows, or at dawn. If he comes suddenly, do not let him find you sleeping. What I say to you, I say to everyone: 'Watch!'""  ||  [Matthew] ""At midnight the cry rang out: 'Here's the bridegroom! Come out to meet him!'  ||  [John] Then Jesus answered, ""Will you really lay down your life for me? I tell you the truth, before the rooster crows, you will disown me three times! ""Do not let your hearts be troubled. Trust in God; trust also in me. In my Father's house are many rooms; if it were not so, I would have told you. I am going there to prepare a place for you. And if I go and prepare a place for you, I will come back and take you to be with me that you also may be where I am. You know the way to the place where I am going.""","Therefore keep watch because you do not know when the owner of the house will come back—whether in the evening, or at midnight, or when the rooster crows, or at dawn. At midnight the cry rang out: ‘Here’s the bridegroom! Come out to meet him!’ Then Jesus answered, “Will you really lay down your life for me? I tell you the truth, before the rooster crows, you will disown me three times!” What I say to you, I say to everyone: ‘Watch!’ Do not let your hearts be troubled. Trust in God; trust also in me. In my Father’s house are many rooms; if it were not so, I would have told you. I am going there to prepare a place for you. And if I go and prepare a place for you, I will come back and take you to be with me that you also may be where I am. You know the way to the place where I am going.",,,,
E102:c102,102,-2,,matthew,Matthew Matthew 25:7-10,"[Matthew] ""Then all the virgins woke up and trimmed their lamps. The foolish ones said to the wise, 'Give us some of your oil; our lamps are going out.' ""'No,' they replied, 'there may not be enough for both us and you. Instead, go to those who sell oil and buy some for yourselves.' ""But while they were on their way to buy the oil, the bridegroom arrived. The virgins who were ready went in with him to the wedding banquet. And the door was shut.","Then all the virgins woke up and trimmed their lamps. The foolish ones said to the wise, ‘Give us some of your oil; our lamps are going out.’ “No,” they replied, “there may not be enough for both us and you. Instead, go to those who sell oil and buy some for yourselves.” But while they were on their way to buy the oil, the bridegroom arrived, and the virgins who were ready went in with him to the wedding banquet. The door was shut.",,,,
E103:c103,103,-2,yes,matthew,Matthew Matthew 25:11,"[Matthew] ""Later the others also came. 'Sir! Sir!' they said. 'Open the door for us!'","Later the others also came, shouting ‘Sir! Sir!’ and demanding that he open the door for them, while simultaneously another account stated that it was then that the others arrived, insisting he should open the door for them.",,,,
E104:c104,104,0,yes,john,John John 14:5; Matthew Matthew 25:12-14,"[John] Thomas said to him, ""Lord, we don't know where you are going, so how can we know the way?""  ||  [Matthew] ""But he replied, 'I tell you the truth, I don't know you.' ""Therefore keep watch, because you do not know the day or the hour. ""Again, it will be like a man going on a journey, who called his servants and entrusted his property to them.","“Lord, we don’t know where you are going, so how can we know the way?” Thomas said to him, and in response, he replied, “But he replied, ‘I tell you the truth, I don’t know you.’ Therefore keep watch, because you do not know the day or the hour. Again, it will be like a man going on a journey, who called his servants and entrusted his property to them.”",,,,
E105:c105,105,-2,yes,matthew,Matthew Matthew 25:15; John John 14:6-7,"[Matthew] To one he gave five talents of money, to another two talents, and to another one talent, each according to his ability. Then he went on his journey.  ||  [John] Jesus answered, ""I am the way and the truth and the life. No one comes to the Father except through me. If you really knew me, you would know my Father as well. From now on, you do know him and have seen him.""","To one he gave five talents of money, to another two talents, and to another one talent, each according to his ability; then he went on his journey. Jesus answered, “I am the way and the truth and the life. No one comes to the Father except through me. If you really knew me, you would know my Father as well. From now on, you do know him and have seen him.”",,,,
E106:c106,106,0,,john,John John 14:8,"[John] Philip said, ""Lord, show us the Father and that will be enough for us.""","Philip said, “Lord, show us the Father and that will be enough for us.” He then proceeded to turn and say to Jesus, “Rabbi, we have heard from you that you would like to make us all follow you; and besides you have done miracles in the name of the Father. Now if anyone should come in whom the Father has not sent, tell him this thing also, saying, ‘I do not follow you.’” Then he turned back to Jesus and said, “Rabbi, we have heard from you that you would like to make us all follow you; and besides you have done miracles in the name of the Father. Now if anyone should come in whom the Father has not sent, tell him this thing also, saying, ‘I do not follow you.’”",,,,
E107:c107,107,0,,john,John John 14:9-10; Matthew Matthew 25:16-18,"[John] Jesus answered: ""Don't you know me, Philip, even after I have been among you such a long time? Anyone who has seen me has seen the Father. How can you say, 'Show us the Father'? Don't you believe that I am in the Father, and that the Father is in me? The words I say to you are not just my own. Rather, it is the Father, living in me, who is doing his work.  ||  [Matthew] The man who had received the five talents went at once and put his money to work and gained five more. So also, the one with the two talents gained two more. But the man who had received the one talent went off, dug a hole in the ground and hid his master's money.","Jesus answered Philip: “Don’t you know me, Philip, even after I have been among you such a long time? Anyone who has seen me has seen the Father. How can you say, ‘Show us the Father’? Don’t you believe that I am in the Father, and that the Father is in me? The words I say to you are not just my own. Rather, it is the Father, living in me, who is doing his work; the man who had received the five talents went at once and put his money to work and gained five more, so also, the one with the two talents gained two more. But the man who had received the one talent went off, dug a hole in the ground and hid his master's money.”",,,,
E108:c108,108,0,,john,John John 14:11; Matthew Matthew 25:19-23,"[John] Believe me when I say that I am in the Father and the Father is in me; or at least believe on the evidence of the miracles themselves.  ||  [Matthew] ""After a long time the master of those servants returned and settled accounts with them. The man who had received the five talents brought the other five. 'Master,' he said, 'you entrusted me with five talents. See, I have gained five more.' ""His master replied, 'Well done, good and faithful servant! You have been faithful with a few things; I will put you in charge of many things. Come and share your master's happiness!' ""The man with the two talents also came. 'Master,' he said, 'you entrusted me with two talents; see, I have gained two more.' ""His master replied, 'Well done, good and faithful servant! You have been faithful with a few things; I will put you in charge of many things. Come and share your master's happiness!'","Believe me when I say that I am in the Father and the Father is in me; or at least believe on the evidence of the miracles themselves. After a long time the master of those servants returned and settled accounts with them. The man who had received the five talents brought the other five. ‘Master,’ he said, ‘you entrusted me with five talents. See, I have gained five more.’ His master replied, ‘Well done, good and faithful servant! You have been faithful with a few things; I will put you in charge of many things. Come and share your master’s happiness!’ The man with the two talents also came. ‘Master,’ he said, ‘you entrusted me with two talents; see, I have gained two more.’ His master replied, ‘Well done, good and faithful servant! You have been faithful with a few things; I will put you in charge of many things. Come and share your master’s happiness!’",,,,
E109:c109,109,0,,john,John John 14:12-17,"[John] I tell you the truth, anyone who has faith in me will do what I have been doing. He will do even greater things than these, because I am going to the Father. And I will do whatever you ask in my name, so that the Son may bring glory to the Father. You may ask me for anything in my name, and I will do it. ""If you love me, you will obey what I command. And I will ask the Father, and he will give you another Counselor to be with you forever-- the Spirit of truth. The world cannot accept him, because it neither sees him nor knows him. But you know him, for he lives with you and will be in you.","I tell you the truth, anyone who has faith in me will do what I have been doing, and he will do even greater things than these, because I am going to the Father, and I will do whatever you ask in my name, so that the Son may bring glory to the Father. You may ask me for anything in my name, and I will do it; if you love me, you will obey what I command, and I will ask the Father, and he will give you another Counselor to be with you forever—the Spirit of truth. The world cannot accept him, because it neither sees him nor knows him, but you know him, for he lives with you and will be in you.",,,,
E110:c110,110,0,,john,John John 14:18-19,"[John] I will not leave you as orphans; I will come to you. Before long, the world will not see me anymore, but you will see me. Because I live, you also will live.","I will not leave you as orphans; I will come to you. Before long, the world will not see me anymore, but you will see me. Because I live, you also will live. The initial event occurred with a sudden and unexpected appearance, followed by an immediate statement that it would soon cease to be visible to the wider world, yet would remain perceptible to those present.",,,,
E111:c111,111,0,,john,John John 14:20-21,"[John] On that day you will realize that I am in my Father, and you are in me, and I am in you. Whoever has my commands and obeys them, he is the one who loves me. He who loves me will be loved by my Father, and I too will love him and show myself to him.""","On that day it was realized that I am in my Father, and you are in me, and I am in you. Whoever has my commands and obeys them, he is the one who loves me. He who loves me will be loved by my Father, and I too will love him and show myself to him.",,,,
E112:c112,112,0,,john,John John 14:22,"[John] Then Judas (not Judas Iscariot) said, ""But, Lord, why do you intend to show yourself to us and not to the world?""","Then Judas said, “But, Lord, why do you intend to show yourselves to us and not to the world?”",,,,
E113:c113,113,-2,yes,matthew,Matthew Matthew 25:24-26; John John 14:23-28,"[Matthew] ""Then the man who had received the one talent came. 'Master,' he said, 'I knew that you are a hard man, harvesting where you have not sown and gathering where you have not scattered seed. So I was afraid and went out and hid your talent in the ground. See, here is what belongs to you.' ""His master replied, 'You wicked, lazy servant! So you knew that I harvest where I have not sown and gather where I have not scattered seed?  ||  [John] Jesus replied, ""If anyone loves me, he will obey my teaching. My Father will love him, and we will come to him and make our home with him. He who does not love me will not obey my teaching. These words you hear are not my own; they belong to the Father who sent me. ""All this I have spoken while still with you. But the Counselor, the Holy Spirit, whom the Father will send in my name, will teach you all things and will remind you of everything I have said to you. Peace I leave with you; my peace I give you. I do not give to you as the world gives. Do not let your hearts be troubled and do not be afraid. ""You heard me say, 'I am going away and I am coming back to you.' If you loved me, you would be glad that I am going to the Father, for the Father is greater than I.","Then the man who had received the one talent came forward and said, ‘Master, I knew that you are a hard man, harvesting where you have not sown and gathering where you have not scattered seed. So I was afraid and went out and hid your talent in the ground. See, here is what belongs to you,’ and his master replied, ‘You wicked, lazy servant! So you knew that I harvest where I have not sown and gather where I have not scattered seed?’ Simultaneously, Jesus replied, “If anyone loves me, he will obey my teaching. My Father will love him, and we will come to him and make our home with him. He who does not love me will not obey my teaching. These words you hear are not my own; they belong to the Father who sent me. All this I have spoken while still with you. But the Counselor, the Holy Spirit, whom the Father will send in my name, will teach you all things and will remind you of everything I have said to you. Peace I leave with you; my peace I give you. I do not give to you as the world gives. Do not let your hearts be troubled and do not be afraid. You heard me say, ‘I am going away and I am",,,,
E114:c114,114,-2,,matthew,Matthew Matthew 25:27-30; John John 14:29-15:3,"[Matthew] Well then, you should have put my money on deposit with the bankers, so that when I returned I would have received it back with interest. ""'Take the talent from him and give it to the one who has the ten talents. For everyone who has will be given more, and he will have an abundance. Whoever does not have, even what he has will be taken from him. And throw that worthless servant outside, into the darkness, where there will be weeping and gnashing of teeth.'  ||  [John] I have told you now before it happens, so that when it does happen you will believe. I will not speak with you much longer, for the prince of this world is coming. He has no hold on me, but the world must learn that I love the Father and that I do exactly what my Father has commanded me. ""Come now; let us leave. ""I am the true vine, and my Father is the gardener. He cuts off every branch in me that bears no fruit, while every branch that does bear fruit he prunes so that it will be even more fruitful. You are already clean because of the word I have spoken to you.","Well then, you should have put my money on deposit with the bankers, so that when I returned I would have received it back with interest, and I have told you now before it happens, so that when it does happen you will believe. The prince of this world is coming, and he has no hold on me, but the world must learn that I love the Father and that I do exactly what my Father has commanded me. “Come now; let us leave,” I said, “I am the true vine, and my Father is the gardener. He cuts off every branch in me that bears no fruit, while every branch that does bear fruit he prunes so that it will be even more fruitful. Everyone who has will be given more, and he will have an abundance. Whoever does not have, even what he has will be taken from him. Take the talent from him and give it to the one who has the ten talents. And throw that worthless servant outside, into the darkness, where there will be weeping and gnashing of teeth. You are already clean because of the word I have spoken to you.”",,,,
E115:c115,115,-2,,matthew,Matthew Matthew 25:31-33,"[Matthew] ""When the Son of Man comes in his glory, and all the angels with him, he will sit on his throne in heavenly glory. All the nations will be gathered before him, and he will separate the people one from another as a shepherd separates the sheep from the goats. He will put the sheep on his right and the goats on his left.","When the Son of Man comes in his glory, and all the angels with him, he will sit on his throne in heavenly glory, and all the nations will be gathered before him, and he will separate the people one from another as a shepherd separates the sheep from the goats, putting the sheep on his right and the goats on his left.",,,,
E116:c116,116,-1,,luke,Luke Luke 21:37; Matthew Matthew 25:34-35; John John 15:4-7,"[Luke] Each day Jesus was teaching at the temple, and each evening he went out to spend the night on the hill called the Mount of Olives,  ||  [Matthew] ""Then the King will say to those on his right, 'Come, you who are blessed by my Father; take your inheritance, the kingdom prepared for you since the creation of the world. For I was hungry and you gave me something to eat, I was thirsty and you gave me something to drink, I was a stranger and you invited me in,  ||  [John] Remain in me, and I will remain in you. No branch can bear fruit by itself; it must remain in the vine. Neither can you bear fruit unless you remain in me. ""I am the vine; you are the branches. If a man remains in me and I in him, he will bear much fruit; apart from me you can do nothing. If anyone does not remain in me, he is like a branch that is thrown away and withers; such branches are picked up, thrown into the fire and burned. If you remain in me and my words remain in you, ask whatever you wish, and it will be given you.","Each day Jesus was teaching at the temple, and each evening he went out to spend the night on the hill called the Mount of Olives. Then the King will say to those on his right, ‘Come, you who are blessed by my Father; take your inheritance, the kingdom prepared for you since the creation of the world.’ For he had been hungry and they gave him something to eat, and thirsty and they gave him something to drink, and a stranger and they invited him in. Remain in me, and I will remain in you. No branch can bear fruit by itself; it must remain in the vine. Neither can you bear fruit unless you remain in me. “I am the vine; you are the branches. If a man remains in me and I in him, he will bear much fruit; apart from me you can do nothing. If anyone does not remain in me, he is like a branch that is thrown away and withers; such branches are picked up, thrown into the fire and burned. If you remain in me and my words remain in you, ask whatever you wish, and it will be given you.",,,,
E117:c117,117,0,,john,John John 15:8-9,"[John] This is to my Father's glory, that you bear much fruit, showing yourselves to be my disciples. ""As the Father has loved me, so have I loved you. Now remain in my love.","“As the Father has loved me, so have I loved you,” Jesus stated, “that you bear much fruit, showing yourselves to be my disciples. You must remain in my love.”",,,,
E118:c118,118,0,yes,john,John John 15:10-15; Luke Luke 21:38; Matthew Matthew 25:36; Matthew 25:37,"[John] If you obey my commands, you will remain in my love, just as I have obeyed my Father's commands and remain in his love. I have told you this so that my joy may be in you and that your joy may be complete. My command is this: Love each other as I have loved you. Greater love has no one than this, that he lay down his life for his friends. You are my friends if you do what I command. I no longer call you servants, because a servant does not know his master's business. Instead, I have called you friends, for everything that I learned from my Father I have made known to you.  ||  [Luke] and all the people came early in the morning to hear him at the temple.  ||  [Matthew] I needed clothes and you clothed me, I was sick and you looked after me, I was in prison and you came to visit me.' ""Then the righteous will answer him, 'Lord, when did we see you hungry and feed you, or thirsty and give you something to drink?","“If you obey my commands, you will remain in my love, just as I have obeyed my Father’s commands and remain in his love,” he said, “My command is this: Love each other as I have loved you. Greater love has no one than this, that he lay down his life for his friends. You are my friends if you do what I command. I no longer call you servants, because a servant does not know his master’s business. Instead, I have called you friends, for everything that I learned from my Father I have made known to you,” and all the people came early in the morning to hear him at the temple; meanwhile, “I needed clothes and you clothed me, I was sick and you looked after me, I was in prison and you came to visit me,' then the righteous will answer him, 'Lord, when did we see you hungry and feed you, or thirsty and give you something to drink?'",,,,
E119:c119,119,-1,,matthew,Matthew Matthew 25:38,"[Matthew] When did we see you a stranger and invite you in, or needing clothes and clothe you?","When did we see you a stranger and invite you in, or needing clothes and clothe you? The woman stated that she had been approached by a man who asked her when he had last seen her as a stranger and if he had invited her in, or if he needed to clothe her and she had clothed her.",,,,
E120:c120,120,-1,,matthew,Matthew Matthew 25:39-40,"[Matthew] When did we see you sick or in prison and go to visit you?' ""The King will reply, 'I tell you the truth, whatever you did for one of the least of these brothers of mine, you did for me.'","“When did we see you sick or in prison and go to visit you?’ The King replied, ‘I tell you the truth, whatever you did for one of the least of these brothers of mine, you did for me.’”",,,,
E121:c121,121,0,,john,John John 15:16-21; Matthew Matthew 25:41-42,"[John] You did not choose me, but I chose you and appointed you to go and bear fruit--fruit that will last. Then the Father will give you whatever you ask in my name. This is my command: Love each other. ""If the world hates you, keep in mind that it hated me first. If you belonged to the world, it would love you as its own. As it is, you do not belong to the world, but I have chosen you out of the world. That is why the world hates you. Remember the words I spoke to you: 'No servant is greater than his master.' If they persecuted me, they will persecute you also. If they obeyed my teaching, they will obey yours also. They will treat you this way because of my name, for they do not know the One who sent me.  ||  [Matthew] ""Then he will say to those on his left, 'Depart from me, you who are cursed, into the eternal fire prepared for the devil and his angels. For I was hungry and you gave me nothing to eat, I was thirsty and you gave me nothing to drink,","“You did not choose me, but I chose you and appointed you to go and bear fruit—fruit that will last,” he said, “and then the Father will give you whatever you ask in my name. This is my command: Love each other. ‘If the world hates you,’ he continued, ‘keep in mind that it hated me first. If you belonged to the world, it would love you as its own. As it is, you do not belong to the world, but I have chosen you out of the world. That is why the world hates you. Remember the words I spoke to you: ‘No servant is greater than his master.’ If they persecuted me, they will persecute you also. If they obeyed my teaching, they will obey yours also. They will treat you this way because of my name, for they do not know the One who sent me,’ and then he would say to those on his left, ‘Depart from me, you who are cursed, into the eternal fire prepared for the devil and his angels. For I was hungry and you gave me nothing to eat, I was thirsty and you gave me nothing to drink.”",,,,
E122:c122,122,0,yes,john,John John 15:22; Matthew Matthew 25:43; Matthew 25:44,"[John] If I had not come and spoken to them, they would not be guilty of sin. Now, however, they have no excuse for their sin.  ||  [Matthew] I was a stranger and you did not invite me in, I needed clothes and you did not clothe me, I was sick and in prison and you did not look after me.' ""They also will answer, 'Lord, when did we see you hungry or thirsty or a stranger or needing clothes or sick or in prison, and did not help you?'","“If I had not come and spoken to them, they would not be guilty of sin,” the speaker stated, immediately followed by the words “Now, however, they have no excuse for their sin.” These words were then echoed as a lament: “I was a stranger and you did not invite me in, I needed clothes and you did not clothe me, I was sick and in prison and you did not look after me,” and ultimately concluded with the accusatory question, “They also will answer, ‘Lord, when did we see you hungry or thirsty or a stranger or needing clothes or sick or in prison, and did not help you?’”",,,,
E123:c123,123,-1,yes,matthew,Matthew Matthew 25:45; John John 15:23,"[Matthew] ""He will reply, 'I tell you the truth, whatever you did not do for one of the least of these, you did not do for me.'  ||  [John] He who hates me hates my Father as well.","“He will reply, ‘I tell you the truth, whatever you did not do for one of the least of these, you did not do for me,’ and he who hates me hates my Father as well.”",,,,
E124:c124,124,-1,yes,matthew,Matthew Matthew 25:46; John John 15:24-25,"[Matthew] ""Then they will go away to eternal punishment, but the righteous to eternal life.""  ||  [John] If I had not done among them what no one else did, they would not be guilty of sin. But now they have seen these miracles, and yet they have hated both me and my Father. But this is to fulfill what is written in their Law: 'They hated me without reason.'","Then they will go away to eternal punishment, but the righteous to eternal life. If I had not done among them what no one else did, they would not be guilty of sin; but now they have seen these miracles, and yet they have hated both me and my Father. This is to fulfill what is written in their Law: ‘They hated me without reason.’",,,,
E125:c125,125,0,yes,john,John John 15:26-16:1; Matthew Matthew 26:1,"[John] ""When the Counselor comes, whom I will send to you from the Father, the Spirit of truth who goes out from the Father, he will testify about me. And you also must testify, for you have been with me from the beginning. ""All this I have told you so that you will not go astray.  ||  [Matthew] When Jesus had finished saying all these things, he said to his disciples,","When the Counselor comes, whom I will send to you from the Father, the Spirit of truth who goes out from the Father, he will testify about me. And you also must testify, for you have been with me from the beginning. All this I have told you so that you will not go astray. When Jesus had finished saying all these things, he said to his disciples…",,,,
E126:c126,126,0,yes,mark,Mark Mark 14:1; Matthew Matthew 26:2; Luke Luke 22:1-2,"[Mark] Now the Passover and the Feast of Unleavened Bread were only two days away, and the chief priests and the teachers of the law were looking for some sly way to arrest Jesus and kill him.  ||  [Matthew] ""As you know, the Passover is two days away--and the Son of Man will be handed over to be crucified.""  ||  [Luke] Now the Feast of Unleavened Bread, called the Passover, was approaching, and the chief priests and the teachers of the law were looking for some way to get rid of Jesus, for they were afraid of the people.","Now the Passover and the Feast of Unleavened Bread were only two days away, and the chief priests and the teachers of the law were looking for some sly way to arrest Jesus and kill him; as you know, the Passover is two days away—and the Son of Man will be handed over to be crucified; Now the Feast of Unleavened Bread, called the Passover, was approaching, and the chief priests and the teachers of the law were looking for some way to get rid of Jesus, for they were afraid of the people.",,,,
E127:c127,127,0,yes,luke,Luke Luke 22:3,"[Luke] Then Satan entered Judas, called Iscariot, one of the Twelve.","Then Satan entered Judas, called Iscariot, one of the Twelve, and he began to betray Jesus Christ. As a result, Judas went unto the chief priests, with certain amounts of silver, and reported unto them how he should make the betrayal of Jesus to them. The chief priests took this information and consulted with other men, and they went and questioned Jesus, asking him if he was the Messiah. Jesus answered them, stating that he was not, and neither was he another; but it was through the Father that he would come. Then the chief priests, along with their disciples, drew a sword and struck Jesus, wounding him. Afterwards, Satan entered Judas, one of the Twelve.",,,,
E128:c128,128,0,yes,luke,Luke Luke 22:4-5; Matthew Matthew 26:3-4,"[Luke] And Judas went to the chief priests and the officers of the temple guard and discussed with them how he might betray Jesus. They were delighted and agreed to give him money.  ||  [Matthew] Then the chief priests and the elders of the people assembled in the palace of the high priest, whose name was Caiaphas, and they plotted to arrest Jesus in some sly way and kill him.","And Judas went to the chief priests and the officers of the temple guard and discussed with them how he might betray Jesus, while at the same time the chief priests and the elders of the people assembled in the palace of the high priest, whose name was Caiaphas, and they plotted to arrest Jesus in some sly way and kill him. They were delighted and agreed to give him money.",,,,
E129:c129,129,0,yes,mark,Mark Mark 14:2; Matthew Matthew 26:5,"[Mark] ""But not during the Feast,"" they said, ""or the people may riot.""  ||  [Matthew] ""But not during the Feast,"" they said, ""or there may be a riot among the people.""","“But not during the Feast,” they said, “or the people may riot.” The statement was repeated, emphasizing the caution that should be taken; “But not during the Feast,” they said, “or there may be a riot among the people.”",,,,
E130:c130,130,0,,matthew,Matthew Matthew 26:6-7; Mark Mark 14:3-8,"[Matthew] While Jesus was in Bethany in the home of a man known as Simon the Leper, a woman came to him with an alabaster jar of very expensive perfume, which she poured on his head as he was reclining at the table.  ||  [Mark] While he was in Bethany, reclining at the table in the home of a man known as Simon the Leper, a woman came with an alabaster jar of very expensive perfume, made of pure nard. She broke the jar and poured the perfume on his head. Some of those present were saying indignantly to one another, ""Why this waste of perfume? It could have been sold for more than a year's wages and the money given to the poor."" And they rebuked her harshly. ""Leave her alone,"" said Jesus. ""Why are you bothering her? She has done a beautiful thing to me. The poor you will always have with you, and you can help them any time you want. But you will not always have me. She did what she could. She poured perfume on my body beforehand to prepare for my burial.","While Jesus was in Bethany in the home of a man known as Simon the Leper, a woman came with an alabaster jar of very expensive perfume, made of pure nard, and while he was reclining at the table, she broke the jar and poured the perfume on his head. Some of those present were saying indignantly to one another, “Why this waste of perfume? It could have been sold for more than a year’s wages and the money given to the poor,” and they rebuked her harshly. “Leave her alone,” said Jesus. “Why are you bothering her? She has done a beautiful thing to me. The poor you will always have with you, and you can help them any time you want. But you will not always have me. She did what she could; she poured perfume on my body beforehand to prepare for my burial.”",,,,
E131:c131,131,0,yes,matthew,Matthew Matthew 26:8-11; John John 16:2-3,"[Matthew] When the disciples saw this, they were indignant. ""Why this waste?"" they asked. ""This perfume could have been sold at a high price and the money given to the poor."" Aware of this, Jesus said to them, ""Why are you bothering this woman? She has done a beautiful thing to me. The poor you will always have with you, but you will not always have me.  ||  [John] They will put you out of the synagogue; in fact, a time is coming when anyone who kills you will think he is offering a service to God. They will do such things because they have not known the Father or me.","When the disciples saw this, they were indignant and asked, “Why this waste?” and stated that the perfume could have been sold at a high price and the money given to the poor. Aware of this, Jesus said to them, ""Why are you bothering this woman? She has done a beautiful thing to me. The poor you will always have with you, but you will not always have me,” while simultaneously noting that they would put him out of the synagogue; in fact, a time was coming when anyone who killed him would think he was offering a service to God. They did such things because they had not known the Father or him.",,,,
E132:c132,132,0,yes,john,John John 16:4-7; Matthew Matthew 26:12-13; Mark Mark 14:9,"[John] I have told you this, so that when the time comes you will remember that I warned you. I did not tell you this at first because I was with you. ""Now I am going to him who sent me, yet none of you asks me, 'Where are you going?' Because I have said these things, you are filled with grief. But I tell you the truth: It is for your good that I am going away. Unless I go away, the Counselor will not come to you; but if I go, I will send him to you.  ||  [Matthew] When she poured this perfume on my body, she did it to prepare me for burial. I tell you the truth, wherever this gospel is preached throughout the world, what she has done will also be told, in memory of her.""  ||  [Mark] I tell you the truth, wherever the gospel is preached throughout the world, what she has done will also be told, in memory of her.""","I have told you this, so that when the time comes you will remember that I warned you. I did not tell you this at first because I was with you. “Now I am going to him who sent me, yet none of you asks me, ‘Where are you going?’ Because I have said these things, you are filled with grief. But I tell you the truth: It is for your good that I am going away. Unless I go away, the Counselor will not come to you; but if I go, I will send him to you. When she poured this perfume on my body, she did it to prepare me for burial. I tell you the truth, wherever this gospel is preached throughout the world, what she has done will also be told, in memory of her.”",,,,
E133:c133,133,0,yes,luke,Luke Luke 22:6; John John 16:8-12; Matthew Matthew 26:14-16; Mark Mark 14:10-11,"[Luke] He consented, and watched for an opportunity to hand Jesus over to them when no crowd was present.  ||  [John] When he comes, he will convict the world of guilt in regard to sin and righteousness and judgment: in regard to sin, because men do not believe in me; in regard to righteousness, because I am going to the Father, where you can see me no longer; and in regard to judgment, because the prince of this world now stands condemned. ""I have much more to say to you, more than you can now bear.  ||  [Matthew] Then one of the Twelve--the one called Judas Iscariot--went to the chief priests and asked, ""What are you willing to give me if I hand him over to you?"" So they counted out for him thirty silver coins. From then on Judas watched for an opportunity to hand him over.  ||  [Mark] Then Judas Iscariot, one of the Twelve, went to the chief priests to betray Jesus to them. They were delighted to hear this and promised to give him money. So he watched for an opportunity to hand him over.","When he comes, he will convict the world of guilt in regard to sin and righteousness and judgment: in regard to sin, because men do not believe in me; in regard to righteousness, because I am going to the Father, where you can see me no longer; and in regard to judgment, because the prince of this world now stands condemned. Then one of the Twelve—the one called Judas Iscariot—went to the chief priests and asked, “What are you willing to give me if I hand him over to you?” So they counted out for him thirty silver coins. He consented, and watched for an opportunity to hand Jesus over to them when no crowd was present. From then on Judas watched for an opportunity to hand him over.",,,,
E134:c134,134,0,yes,john,John John 16:13-15; Luke Luke 22:7-8,"[John] But when he, the Spirit of truth, comes, he will guide you into all truth. He will not speak on his own; he will speak only what he hears, and he will tell you what is yet to come. He will bring glory to me by taking from what is mine and making it known to you. All that belongs to the Father is mine. That is why I said the Spirit will take from what is mine and make it known to you.  ||  [Luke] Then came the day of Unleavened Bread on which the Passover lamb had to be sacrificed. Jesus sent Peter and John, saying, ""Go and make preparations for us to eat the Passover.""","But when he, the Spirit of truth, comes, he will guide you into all truth, and he will not speak on his own; he will speak only what he hears, and he will tell you what is yet to come. He will bring glory to me by taking from what is mine and making it known to you, all that belongs to the Father is mine, and that is why I said the Spirit will take from what is mine and make it known to you. Then came the day of Unleavened Bread on which the Passover lamb had to be sacrificed, and Jesus sent Peter and John, saying, “Go and make preparations for us to eat the Passover.”",,,,
E135:c135,135,0,yes,luke,Luke Luke 22:9; Luke 22:10; John John 16:16,"[Luke] ""Where do you want us to prepare for it?"" they asked. He replied, ""As you enter the city, a man carrying a jar of water will meet you. Follow him to the house that he enters,  ||  [John] ""In a little while you will see me no more, and then after a little while you will see me.""","“Where do you want us to prepare for it?” they asked, and he replied, “As you enter the city, a man carrying a jar of water will meet you. Follow him to the house that he enters,” while in a little while you will see me no more, and then after a little while you will see me.",,,,
E136:c136,136,0,,luke,Luke Luke 22:11-13; Matthew Matthew 26:17-19; Mark Mark 14:12-16; John John 16:17-18,"[Luke] and say to the owner of the house, 'The Teacher asks: Where is the guest room, where I may eat the Passover with my disciples?' He will show you a large upper room, all furnished. Make preparations there."" They left and found things just as Jesus had told them. So they prepared the Passover.  ||  [Matthew] On the first day of the Feast of Unleavened Bread, the disciples came to Jesus and asked, ""Where do you want us to make preparations for you to eat the Passover?"" He replied, ""Go into the city to a certain man and tell him, 'The Teacher says: My appointed time is near. I am going to celebrate the Passover with my disciples at your house.'"" So the disciples did as Jesus had directed them and prepared the Passover.  ||  [Mark] On the first day of the Feast of Unleavened Bread, when it was customary to sacrifice the Passover lamb, Jesus' disciples asked him, ""Where do you want us to go and make preparations for you to eat the Passover?"" So he sent two of his disciples, telling them, ""Go into the city, and a man carrying a jar of water will meet you. Follow him. Say to the owner of the house he enters, 'The Teacher asks: Where is my guest room, where I may eat the Passover with my disciples?' He will show you a large upper room, furnished and ready. Make preparations for us there."" The disciples left, went into the city and found things just as Jesus had told them. So they prepared the Passover.  ||  [John] Some of his disciples said to one another, ""What does he mean by saying, 'In a little while you will see me no more, and then after a little while you will see me,' and 'Because I am going to the Father'?"" They kept asking, ""What does he mean by 'a little while'? We don't understand what he is saying.""","On the first day of the Feast of Unleavened Bread, as it was customary to sacrifice the Passover lamb, some of Jesus’ disciples asked him “Where do you want us to make preparations for you to eat the Passover?” He instructed them to go into the city and find a certain man carrying a jar of water, following him and telling the owner of the house that the Teacher asks: ""Where is my guest room, where I may eat the Passover with my disciples?"" The owner would show them a large upper room, all furnished, and they made preparations there, just as Jesus had told them.",,,,
E137:c137,137,0,yes,luke,Luke Luke 22:14-16; Matthew Matthew 26:20-21; John John 16:19-20,"[Luke] When the hour came, Jesus and his apostles reclined at the table. And he said to them, ""I have eagerly desired to eat this Passover with you before I suffer. For I tell you, I will not eat it again until it finds fulfillment in the kingdom of God.""  ||  [Matthew] When evening came, Jesus was reclining at the table with the Twelve. And while they were eating, he said, ""I tell you the truth, one of you will betray me.""  ||  [John] Jesus saw that they wanted to ask him about this, so he said to them, ""Are you asking one another what I meant when I said, 'In a little while you will see me no more, and then after a little while you will see me'? I tell you the truth, you will weep and mourn while the world rejoices. You will grieve, but your grief will turn to joy.","When the hour came, Jesus and his apostles reclined at the table, and he said to them, “I have eagerly desired to eat this Passover with you before I suffer,” adding that he would not eat it again until it finds fulfillment in the kingdom of God. While they were eating, evening had come and Jesus was reclining at the table with the Twelve, and he told them the truth: “One of you will betray me.” Jesus saw that they wanted to ask him about what he meant when he said, ""In a little while you will see me no more, and then after a little while you will see me,” and he responded, “Are you asking one another what I meant?” He then told them the truth again: “You will weep and mourn while the world rejoices. You will grieve, but your grief will turn to joy.”",,,,
E138:c138,138,1,,john,John John 16:21; John 16:22; Matthew Matthew 26:22-24; Luke Luke 22:17-19,"[John] A woman giving birth to a child has pain because her time has come; but when her baby is born she forgets the anguish because of her joy that a child is born into the world. So with you: Now is your time of grief, but I will see you again and you will rejoice, and no one will take away your joy.  ||  [Matthew] They were very sad and began to say to him one after the other, ""Surely not I, Lord?"" Jesus replied, ""The one who has dipped his hand into the bowl with me will betray me. The Son of Man will go just as it is written about him. But woe to that man who betrays the Son of Man! It would be better for him if he had not been born.""  ||  [Luke] After taking the cup, he gave thanks and said, ""Take this and divide it among you. For I tell you I will not drink again of the fruit of the vine until the kingdom of God comes."" And he took bread, gave thanks and broke it, and gave it to them, saying, ""This is my body given for you; do this in remembrance of me.""","A woman giving birth to a child experienced pain because her time had come, but when her baby was born she forgot the anguish because of her joy that a child was born into the world. They were very sad and began to say to him one after the other, “Surely not I, Lord?” Jesus replied, “The one who has dipped his hand into the bowl with me will betray me. The Son of Man will go just as it is written about him. But woe to that man who betrays the Son of Man! It would be better for him if he had not been born.” After taking the cup, he gave thanks and said, “Take this and divide it among you. For I tell you I will not drink again of the fruit of the vine until the kingdom of God comes,” and he took bread, gave thanks and broke it, and gave it to them, saying, ""This is my body given for you; do this in remembrance of me.” So with you: Now is your time of grief, but I will see you again and you will rejoice, and no one will take away your joy.",,,,
E139:c139,139,1,,john,John John 16:23-24,"[John] In that day you will no longer ask me anything. I tell you the truth, my Father will give you whatever you ask in my name. Until now you have not asked for anything in my name. Ask and you will receive, and your joy will be complete.","In that day you will no longer ask me anything; I tell you the truth, my Father will give you whatever you ask in my name. Until now you have not asked for anything in my name. Ask and you will receive, and your joy will be complete.",,,,
E140:c140,140,1,yes,john,John John 16:25,"[John] ""Though I have been speaking figuratively, a time is coming when I will no longer use this kind of language but will tell you plainly about my Father.","Though I have been speaking figuratively, a time is coming when I will no longer use this kind of language but will tell you plainly about my Father; and it was then that he appeared to me in a dream, standing before me and speaking to me, and he spoke with great authority, demanding that I should immediately go and proclaim the message to all the nations, saying that the time was near and that they must repent; and as I awoke, I felt a profound sense of urgency and knew that this revelation demanded immediate action.",,,,
E141:c141,141,1,yes,john,John John 16:26-28; Matthew Matthew 26:25; Luke Luke 22:20-22,"[John] In that day you will ask in my name. I am not saying that I will ask the Father on your behalf. No, the Father himself loves you because you have loved me and have believed that I came from God. I came from the Father and entered the world; now I am leaving the world and going back to the Father.""  ||  [Matthew] Then Judas, the one who would betray him, said, ""Surely not I, Rabbi?"" Jesus answered, ""Yes, it is you.""  ||  [Luke] In the same way, after the supper he took the cup, saying, ""This cup is the new covenant in my blood, which is poured out for you. But the hand of him who is going to betray me is with mine on the table. The Son of Man will go as it has been decreed, but woe to that man who betrays him.""","In that day, Jesus spoke, stating that you would ask in his name, clarifying that he was not asking the Father on your behalf, because the Father himself loves you due to your love for him and your belief that he came from God. He explained that he came from the Father and entered the world; now he was leaving the world and returning to the Father. Then Judas, the one who would betray him, said, “Surely not I, Rabbi?” Jesus answered, “Yes, it is you.” Following this exchange, after the supper, Jesus took the cup, saying that it was the new covenant in his blood which was poured out for them, and as he did so, the hand of him who was going to betray him was with his own on the table. The Son of Man would go as it has been decreed, but woe to that man who betrayed him.",,,,
E142:c142,142,0,yes,matthew,Matthew Matthew 26:26; Mark Mark 14:17-22,"[Matthew] While they were eating, Jesus took bread, gave thanks and broke it, and gave it to his disciples, saying, ""Take and eat; this is my body.""  ||  [Mark] When evening came, Jesus arrived with the Twelve. While they were reclining at the table eating, he said, ""I tell you the truth, one of you will betray me--one who is eating with me."" They were saddened, and one by one they said to him, ""Surely not I?"" ""It is one of the Twelve,"" he replied, ""one who dips bread into the bowl with me. The Son of Man will go just as it is written about him. But woe to that man who betrays the Son of Man! It would be better for him if he had not been born."" While they were eating, Jesus took bread, gave thanks and broke it, and gave it to his disciples, saying, ""Take it; this is my body.""","While evening came, Jesus arrived with the Twelve and while they were reclining at the table eating, he said, “I tell you the truth, one of you will betray me—one who is eating with me.” They were saddened, and one by one they said to him, ""Surely not I?"" “It is one of the Twelve,” he replied, “one who dips bread into the bowl with me.” Then while they were eating, Jesus took bread, gave thanks and broke it, and gave it to his disciples, saying, “Take and eat; this is my body.” But woe to that man who betrays the Son of Man! It would be better for him if he had not been born. The Son of Man will go just as it is written about him.",,,,
E143:c143,143,0,yes,matthew,Matthew Matthew 26:27-28; Mark Mark 14:23-24; Luke Luke 22:23-28; John John 16:29-31,"[Matthew] Then he took the cup, gave thanks and offered it to them, saying, ""Drink from it, all of you. This is my blood of the covenant, which is poured out for many for the forgiveness of sins.  ||  [Mark] Then he took the cup, gave thanks and offered it to them, and they all drank from it. ""This is my blood of the covenant, which is poured out for many,"" he said to them.  ||  [Luke] They began to question among themselves which of them it might be who would do this. Also a dispute arose among them as to which of them was considered to be greatest. Jesus said to them, ""The kings of the Gentiles lord it over them; and those who exercise authority over them call themselves Benefactors. But you are not to be like that. Instead, the greatest among you should be like the youngest, and the one who rules like the one who serves. For who is greater, the one who is at the table or the one who serves? Is it not the one who is at the table? But I am among you as one who serves. You are those who have stood by me in my trials.  ||  [John] Then Jesus' disciples said, ""Now you are speaking clearly and without figures of speech. Now we can see that you know all things and that you do not even need to have anyone ask you questions. This makes us believe that you came from God."" ""You believe at last!"" Jesus answered.","Then he took the cup, gave thanks and offered it to them, saying, “Drink from it, all of you. This is my blood of the covenant, which is poured out for many for the forgiveness of sins.” As he did so, they all drank from it, and simultaneously a dispute arose among them as to which of them it might be who would do this, alongside a further dispute about who was considered greatest. Jesus said to them, “The kings of the Gentiles lord it over them; and those who exercise authority over them call themselves Benefactors. But you are not to be like that. Instead, the greatest among you should be like the youngest, and the one who rules like the one who serves. For who is greater, the one who is at the table or the one who serves? Is it not the one who is at the table? But I am among you as one who serves. You are those who have stood by me in my trials.” Then his disciples said, “Now you are speaking clearly and without figures of speech. Now we can see that you know all things and that you do not even need to have anyone ask you questions. This makes us believe that you came from God,” and Jesus answered, “You believe at last",,,,
E144:c144,144,0,yes,mark,Mark Mark 14:25; Matthew Matthew 26:29,"[Mark] ""I tell you the truth, I will not drink again of the fruit of the vine until that day when I drink it anew in the kingdom of God.""  ||  [Matthew] I tell you, I will not drink of this fruit of the vine from now on until that day when I drink it anew with you in my Father's kingdom.""","I tell you the truth, I will not drink again of the fruit of the vine until that day when I drink it anew in the kingdom of God, and I tell you, I will not drink of this fruit of the vine from now on until that day when I drink it anew with you in my Father’s kingdom.",,,,
E145:c145,145,0,yes,luke,Luke Luke 22:29-30; Matthew Matthew 26:30,"[Luke] And I confer on you a kingdom, just as my Father conferred one on me, so that you may eat and drink at my table in my kingdom and sit on thrones, judging the twelve tribes of Israel.  ||  [Matthew] When they had sung a hymn, they went out to the Mount of Olives.","And I confer on you a kingdom, just as my Father conferred one on me, so that you may eat and drink at my table in my kingdom and sit on thrones, judging the twelve tribes of Israel; and when they had sung a hymn, they went out to the Mount of Olives.",,,,
E146:c146,146,1,yes,john,John John 16:32-33; Matthew Matthew 26:31; Mark Mark 14:26-27; Luke Luke 22:31,"[John] ""But a time is coming, and has come, when you will be scattered, each to his own home. You will leave me all alone. Yet I am not alone, for my Father is with me. ""I have told you these things, so that in me you may have peace. In this world you will have trouble. But take heart! I have overcome the world.""  ||  [Matthew] Then Jesus told them, ""This very night you will all fall away on account of me, for it is written: ""'I will strike the shepherd, and the sheep of the flock will be scattered.'  ||  [Mark] When they had sung a hymn, they went out to the Mount of Olives. ""You will all fall away,"" Jesus told them, ""for it is written: ""'I will strike the shepherd, and the sheep will be scattered.'  ||  [Luke] ""Simon, Simon, Satan has asked to sift you as wheat.","But a time is coming, and has come, when each would leave alone to his own home, and Jesus told them, “This very night you will all fall away on account of me, for it is written: ‘I will strike the shepherd, and the sheep of the flock will be scattered.’ He continued, ""You will all fall away,” adding, “for it is written: ‘I will strike the shepherd, and the sheep will be scattered.’ Yet I am not alone, for my Father is with me. And Simon, Simon, Satan has asked to sift you as wheat. In this world you will have trouble. Take heart! I have overcome the world.”",,,,
E147:c147,147,0,yes,mark,Mark Mark 14:28; Mark 14:29; Matthew Matthew 26:32; Matthew 26:33; Luke Luke 22:32-33,"[Mark] But after I have risen, I will go ahead of you into Galilee."" Peter declared, ""Even if all fall away, I will not.""  ||  [Matthew] But after I have risen, I will go ahead of you into Galilee."" Peter replied, ""Even if all fall away on account of you, I never will.""  ||  [Luke] But I have prayed for you, Simon, that your faith may not fail. And when you have turned back, strengthen your brothers."" But he replied, ""Lord, I am ready to go with you to prison and to death.""","But after I have risen, I will go ahead of you into Galilee,” Peter declared, “Even if all fall away, I will not.” Peter replied, “But after I have risen, I will go ahead of you into Galilee.” Even if all fall away on account of you, I never will. And I have prayed for you, Simon, that your faith may not fail. But he replied, “Lord, I am ready to go with you to prison and to death.”",,,,
E148:c148,148,0,yes,mark,Mark Mark 14:30; Matthew Matthew 26:34; Luke Luke 22:34; John John 17:1-6,"[Mark] ""I tell you the truth,"" Jesus answered, ""today--yes, tonight--before the rooster crows twice you yourself will disown me three times.""  ||  [Matthew] ""I tell you the truth,"" Jesus answered, ""this very night, before the rooster crows, you will disown me three times.""  ||  [Luke] Jesus answered, ""I tell you, Peter, before the rooster crows today, you will deny three times that you know me.""  ||  [John] After Jesus said this, he looked toward heaven and prayed: ""Father, the time has come. Glorify your Son, that your Son may glorify you. For you granted him authority over all people that he might give eternal life to all those you have given him. Now this is eternal life: that they may know you, the only true God, and Jesus Christ, whom you have sent. I have brought you glory on earth by completing the work you gave me to do. And now, Father, glorify me in your presence with the glory I had with you before the world began. ""I have revealed you to those whom you gave me out of the world. They were yours; you gave them to me and they have obeyed your word.","“I tell you the truth,” Jesus answered, stating that tonight, before the rooster crows, Peter would disown him three times. He looked toward heaven and prayed: “Father, the time has come. Glorify your Son, that your Son may glorify you. For you granted him authority over all people that he might give eternal life to all those you have given him. Now this is eternal life: that they may know you, the only true God, and Jesus Christ, whom you have sent. I have brought you glory on earth by completing the work you gave me to do. And now, Father, glorify me in your presence with the glory I had with you before the world began. I have revealed you to those whom you gave me out of the world. They were yours; you gave them to me and they have obeyed your word.” Peter answered, “I tell you, before the rooster crows today, you will deny three times that you know me.”",,,,
E149:c149,149,0,yes,mark,Mark Mark 14:31; Matthew Matthew 26:35; Luke Luke 22:35-38; John John 17:7-12,"[Mark] But Peter insisted emphatically, ""Even if I have to die with you, I will never disown you."" And all the others said the same.  ||  [Matthew] But Peter declared, ""Even if I have to die with you, I will never disown you."" And all the other disciples said the same.  ||  [Luke] Then Jesus asked them, ""When I sent you without purse, bag or sandals, did you lack anything?Nothing,"" they answered. He said to them, ""But now if you have a purse, take it, and also a bag; and if you don't have a sword, sell your cloak and buy one. It is written: 'And he was numbered with the transgressors'; and I tell you that this must be fulfilled in me. Yes, what is written about me is reaching its fulfillment."" The disciples said, ""See, Lord, here are two swords.That is enough,"" he replied.  ||  [John] Now they know that everything you have given me comes from you. For I gave them the words you gave me and they accepted them. They knew with certainty that I came from you, and they believed that you sent me. I pray for them. I am not praying for the world, but for those you have given me, for they are yours. All I have is yours, and all you have is mine. And glory has come to me through them. I will remain in the world no longer, but they are still in the world, and I am coming to you. Holy Father, protect them by the power of your name--the name you gave me--so that they may be one as we are one. While I was with them, I protected them and kept them safe by that name you gave me. None has been lost except the one doomed to destruction so that Scripture would be fulfilled.","But Peter insisted emphatically, “Even if I have to die with you, I will never disown you,” and all the other disciples said the same, while Jesus asked them, “When I sent you without purse, bag or sandals, did you lack anything? Nothing,” they answered. He then said to them, “But now if you have a purse, take it, and also a bag; and if you don’t have a sword, sell your cloak and buy one. It is written: ‘And he was numbered with the transgressors’; and I tell you that this must be fulfilled in me. Yes, what is written about me is reaching its fulfillment.” The disciples said, “See, Lord, here are two swords. That is enough,” he replied, and they knew with certainty that they came from him, and believed that he sent him, while he prayed for them, stating that everything he had given them came from him, and that all he has is yours, and all you have is mine.",,,,
E150:c150,150,0,,mark,Mark Mark 14:32; Matthew Matthew 26:36-37; Luke Luke 22:39-44,"[Mark] They went to a place called Gethsemane, and Jesus said to his disciples, ""Sit here while I pray.""  ||  [Matthew] Then Jesus went with his disciples to a place called Gethsemane, and he said to them, ""Sit here while I go over there and pray."" He took Peter and the two sons of Zebedee along with him, and he began to be sorrowful and troubled.  ||  [Luke] Jesus went out as usual to the Mount of Olives, and his disciples followed him. On reaching the place, he said to them, ""Pray that you will not fall into temptation."" He withdrew about a stone's throw beyond them, knelt down and prayed, ""Father, if you are willing, take this cup from me; yet not my will, but yours be done."" An angel from heaven appeared to him and strengthened him. And being in anguish, he prayed more earnestly, and his sweat was like drops of blood falling to the ground.","Jesus went out as usual to the Mount of Olives, and his disciples followed him to a place called Gethsemane, where he said to them, “Sit here while I pray.” He took Peter and the two sons of Zebedee along with him, and he began to be sorrowful and troubled. Jesus withdrew about a stone’s throw beyond them, knelt down and prayed, “Father, if you are willing, take this cup from me; yet not my will, but yours be done.” An angel from heaven appeared to him and strengthened him, and being in anguish, he prayed more earnestly, and his sweat was like drops of blood falling to the ground.",,,,
E151:c151,151,0,yes,mark,Mark Mark 14:33-36; Matthew Matthew 26:38-39; John John 17:13-18,"[Mark] He took Peter, James and John along with him, and he began to be deeply distressed and troubled. ""My soul is overwhelmed with sorrow to the point of death,"" he said to them. ""Stay here and keep watch."" Going a little farther, he fell to the ground and prayed that if possible the hour might pass from him. ""Abba, Father,"" he said, ""everything is possible for you. Take this cup from me. Yet not what I will, but what you will.""  ||  [Matthew] Then he said to them, ""My soul is overwhelmed with sorrow to the point of death. Stay here and keep watch with me."" Going a little farther, he fell with his face to the ground and prayed, ""My Father, if it is possible, may this cup be taken from me. Yet not as I will, but as you will.""  ||  [John] ""I am coming to you now, but I say these things while I am still in the world, so that they may have the full measure of my joy within them. I have given them your word and the world has hated them, for they are not of the world any more than I am of the world. My prayer is not that you take them out of the world but that you protect them from the evil one. They are not of the world, even as I am not of it. Sanctify them by the truth; your word is truth. As you sent me into the world, I have sent them into the world.","He took Peter, James and John along with him, and he began to be deeply distressed and troubled, saying “My soul is overwhelmed with sorrow to the point of death,” and instructing them to stay here and keep watch. Going a little farther, he fell to the ground and prayed, “Abba, Father,” or “My Father,” if it is possible, may this cup be taken from him. ""Yet not what I will, but what you will,"" he said, acknowledging that his prayer was not for removal from the world, but for protection from evil, as he had sent them into the world just as you sent him, and instructed them to have the full measure of joy within them through your word, which is truth.",,,,
E152:c152,152,0,,mark,Mark Mark 14:37-38; Matthew Matthew 26:40-42; John John 17:19-24,"[Mark] Then he returned to his disciples and found them sleeping. ""Simon,"" he said to Peter, ""are you asleep? Could you not keep watch for one hour? Watch and pray so that you will not fall into temptation. The spirit is willing, but the body is weak.""  ||  [Matthew] Then he returned to his disciples and found them sleeping. ""Could you men not keep watch with me for one hour?"" he asked Peter. ""Watch and pray so that you will not fall into temptation. The spirit is willing, but the body is weak."" He went away a second time and prayed, ""My Father, if it is not possible for this cup to be taken away unless I drink it, may your will be done.""  ||  [John] For them I sanctify myself, that they too may be truly sanctified. ""My prayer is not for them alone. I pray also for those who will believe in me through their message, that all of them may be one, Father, just as you are in me and I am in you. May they also be in us so that the world may believe that you have sent me. I have given them the glory that you gave me, that they may be one as we are one: I in them and you in me. May they be brought to complete unity to let the world know that you sent me and have loved them even as you have loved me. ""Father, I want those you have given me to be with me where I am, and to see my glory, the glory you have given me because you loved me before the creation of the world.","He returned to his disciples and found them sleeping, saying to Peter, “Simon, are you asleep? Could you not keep watch for one hour? Watch and pray so that you will not fall into temptation. The spirit is willing, but the body is weak.” He went away a second time and prayed, ""My Father, if it is not possible for this cup to be taken away unless I drink it, may your will be done,” for them he sanctified himself that they too may be truly sanctified, praying also for those who would believe in him through their message, that all of them may be one, just as you are in me and I am in you, and may they also be in us so that the world may believe that you have sent him, having given them the glory that you gave him, that they may be one as we are one: I in them and you in me.",,,,
E153:c153,153,0,yes,luke,Luke Luke 22:45-46; Matthew Matthew 26:43; Matthew 26:44; Mark Mark 14:39,"[Luke] When he rose from prayer and went back to the disciples, he found them asleep, exhausted from sorrow. ""Why are you sleeping?"" he asked them. ""Get up and pray so that you will not fall into temptation.""  ||  [Matthew] When he came back, he again found them sleeping, because their eyes were heavy. So he left them and went away once more and prayed the third time, saying the same thing.  ||  [Mark] Once more he went away and prayed the same thing.","When he rose from prayer and went back to the disciples, he found them asleep, exhausted from sorrow, and he asked them “Why are you sleeping?” Get up and pray so that you will not fall into temptation. He came back, he again found them sleeping because their eyes were heavy, so he left them and went away once more and prayed the same thing. Once more he went away and prayed the same thing.",,,,
E154:c154,154,0,yes,mark,Mark Mark 14:40-42; Matthew Matthew 26:45-46; John John 17:25-26,"[Mark] When he came back, he again found them sleeping, because their eyes were heavy. They did not know what to say to him. Returning the third time, he said to them, ""Are you still sleeping and resting? Enough! The hour has come. Look, the Son of Man is betrayed into the hands of sinners. Rise! Let us go! Here comes my betrayer!""  ||  [Matthew] Then he returned to the disciples and said to them, ""Are you still sleeping and resting? Look, the hour is near, and the Son of Man is betrayed into the hands of sinners. Rise, let us go! Here comes my betrayer!""  ||  [John] ""Righteous Father, though the world does not know you, I know you, and they know that you have sent me. I have made you known to them, and will continue to make you known in order that the love you have for me may be in them and that I myself may be in them.""","When he came back, he again found them sleeping, because their eyes were heavy. Returning the third time, he said to them, “Are you still sleeping and resting? Enough! The hour has come. Look, the Son of Man is betrayed into the hands of sinners. Rise! Let us go! Here comes my betrayer!” Then he returned to the disciples and said to them, “Are you still sleeping and resting? Look, the hour is near, and the Son of Man is betrayed into the hands of sinners. Rise, let us go! Here comes my betrayer!” Righteous Father, though the world does not know you, I know you, and they know that you have sent me. I have made you known to them, and will continue to make you known in order that the love you have for me may be in them and that I myself may be in them.",,,,
E155:c155,155,1,,john,John John 18:1-2,"[John] When he had finished praying, Jesus left with his disciples and crossed the Kidron Valley. On the other side there was an olive grove, and he and his disciples went into it. Now Judas, who betrayed him, knew the place, because Jesus had often met there with his disciples.","When he had finished praying, Jesus left with his disciples and crossed the Kidron Valley. On the other side there was an olive grove, and he and his disciples went into it. Now Judas, who betrayed him, knew the place, because Jesus had often met there with his disciples.",,,,
E156:c156,156,0,yes,matthew,Matthew Matthew 26:47-48; Mark Mark 14:43-44; John John 18:3-5,"[Matthew] While he was still speaking, Judas, one of the Twelve, arrived. With him was a large crowd armed with swords and clubs, sent from the chief priests and the elders of the people. Now the betrayer had arranged a signal with them: ""The one I kiss is the man; arrest him.""  ||  [Mark] Just as he was speaking, Judas, one of the Twelve, appeared. With him was a crowd armed with swords and clubs, sent from the chief priests, the teachers of the law, and the elders. Now the betrayer had arranged a signal with them: ""The one I kiss is the man; arrest him and lead him away under guard.""  ||  [John] So Judas came to the grove, guiding a detachment of soldiers and some officials from the chief priests and Pharisees. They were carrying torches, lanterns and weapons. Jesus, knowing all that was going to happen to him, went out and asked them, ""Who is it you want?"" ""Jesus of Nazareth,"" they replied.","While he was still speaking, Judas, one of the Twelve, arrived with a crowd armed with swords and clubs, sent from the chief priests and the elders of the people. Now the betrayer had arranged a signal with them: “The one I kiss is the man; arrest him.” Just as he was speaking, Judas, one of the Twelve, appeared with a crowd armed with swords and clubs, sent from the chief priests, the teachers of the law, and the elders. Now the betrayer had arranged a signal with them: ""The one I kiss is the man; arrest him and lead him away under guard.” So Judas came to the grove, guiding a detachment of soldiers and some officials from the chief priests and Pharisees. They were carrying torches, lanterns and weapons. Jesus, knowing all that was going to happen to him, went out and asked them, “Who is it you want?” “Jesus of Nazareth,” they replied.",,,,
E157:c157,157,0,yes,mark,Mark Mark 14:45-46; Matthew Matthew 26:49-50; Luke Luke 22:47-48; John John 18:6-7,"[Mark] Going at once to Jesus, Judas said, ""Rabbi!"" and kissed him. The men seized Jesus and arrested him.  ||  [Matthew] Going at once to Jesus, Judas said, ""Greetings, Rabbi!"" and kissed him. Jesus replied, ""Friend, do what you came for.""  ||  [Luke] While he was still speaking a crowd came up, and the man who was called Judas, one of the Twelve, was leading them. He approached Jesus to kiss him, but Jesus asked him, ""Judas, are you betraying the Son of Man with a kiss?""  ||  [John] ""I am he,"" Jesus said. (And Judas the traitor was standing there with them.) When Jesus said, ""I am he,"" they drew back and fell to the ground. Again he asked them, ""Who is it you want?"" And they said, ""Jesus of Nazareth.""","Going at once to Jesus, Judas said, “Rabbi!” or “Greetings, Rabbi!” and kissed him. The men seized Jesus and arrested him. While he was still speaking a crowd came up, and the man who was called Judas, one of the Twelve, was leading them. He approached Jesus to kiss him, but Jesus asked him, “Judas, are you betraying the Son of Man with a kiss?” Jesus replied, ""Friend, do what you came for.” (And Judas the traitor was standing there with them.) When Jesus said, “I am he,” they drew back and fell to the ground. Again he asked them, “Who is it you want?” And they said, “Jesus of Nazareth.”",,,,
E158:c158,158,1,,john,John John 18:8-9,"[John] ""I told you that I am he,"" Jesus answered. ""If you are looking for me, then let these men go."" This happened so that the words he had spoken would be fulfilled: ""I have not lost one of those you gave me.""","Jesus responded to the guards and captain by stating, “I told you that I am he,” and answered, “If you are looking for me, then let these men go.” This occurred so that the words he had spoken would be fulfilled: “I have not lost one of those you gave me.”",,,,
E159:c159,159,1,yes,john,John John 18:10-11; Matthew Matthew 26:51-52; Mark Mark 14:47-48; Luke Luke 22:49-51,"[John] Then Simon Peter, who had a sword, drew it and struck the high priest's servant, cutting off his right ear. (The servant's name was Malchus.) Jesus commanded Peter, ""Put your sword away! Shall I not drink the cup the Father has given me?""  ||  [Matthew] Then the men stepped forward, seized Jesus and arrested him. With that, one of Jesus' companions reached for his sword, drew it out and struck the servant of the high priest, cutting off his ear. ""Put your sword back in its place,"" Jesus said to him, ""for all who draw the sword will die by the sword.  ||  [Mark] Then one of those standing near drew his sword and struck the servant of the high priest, cutting off his ear. ""Am I leading a rebellion,"" said Jesus, ""that you have come out with swords and clubs to capture me?  ||  [Luke] When Jesus' followers saw what was going to happen, they said, ""Lord, should we strike with our swords?"" And one of them struck the servant of the high priest, cutting off his right ear. But Jesus answered, ""No more of this!"" And he touched the man's ear and healed him.","Then, as the men stepped forward to seize Jesus, one of those standing near drew his sword and struck the servant of the high priest, cutting off his right ear – Malchus – and “Am I leading a rebellion,” said Jesus, “that you have come out with swords and clubs to capture me?” Simultaneously, Simon Peter, who had a sword, drew it and struck the servant of the high priest, cutting off his right ear. ""Put your sword away!"" Jesus commanded Peter, “Shall I not drink the cup the Father has given me?"" And when Jesus’ followers saw what was going to happen, they said, ""Lord, should we strike with our swords?” But Jesus answered, “No more of this!” and he touched the man's ear and healed him.",,,,
E160:c160,160,1,,john,John John 18:12-14,"[John] Then the detachment of soldiers with its commander and the Jewish officials arrested Jesus. They bound him and brought him first to Annas, who was the father-in-law of Caiaphas, the high priest that year. Caiaphas was the one who had advised the Jews that it would be good if one man died for the people.","Then the detachment of soldiers with its commander and the Jewish officials arrested Jesus, and they bound him and brought him first to Annas, who was the father-in-law of Caiaphas, the high priest that year. Caiaphas was the one who had advised the Jews that it would be good if one man died for the people.",,,,
E161:c161,161,0,,matthew,Matthew Matthew 26:53; John John 18:15-18,"[Matthew] Do you think I cannot call on my Father, and he will at once put at my disposal more than twelve legions of angels?  ||  [John] Simon Peter and another disciple were following Jesus. Because this disciple was known to the high priest, he went with Jesus into the high priest's courtyard, but Peter had to wait outside at the door. The other disciple, who was known to the high priest, came back, spoke to the girl on duty there and brought Peter in. ""You are not one of his disciples, are you?"" the girl at the door asked Peter. He replied, ""I am not."" It was cold, and the servants and officials stood around a fire they had made to keep warm. Peter also was standing with them, warming himself.","Do you think I cannot call on my Father, and he will at once put at my disposal more than twelve legions of angels? Simon Peter and another disciple were following Jesus when this disciple, known to the high priest, went with Jesus into the high priest’s courtyard, but Peter had to wait outside at the door. The other disciple, also known to the high priest, came back, spoke to the girl on duty there and brought Peter in. “You are not one of his disciples, are you?” the girl at the door asked Peter, and he replied, ""I am not."" It was cold, and the servants and officials stood around a fire they had made to keep warm, with Peter also standing with them, warming himself.",,,,
E162:c162,162,0,,mark,Mark Mark 14:49; Matthew Matthew 26:54-55; Luke Luke 22:52; John John 18:19-21,"[Mark] Every day I was with you, teaching in the temple courts, and you did not arrest me. But the Scriptures must be fulfilled.""  ||  [Matthew] But how then would the Scriptures be fulfilled that say it must happen in this way?"" At that time Jesus said to the crowd, ""Am I leading a rebellion, that you have come out with swords and clubs to capture me? Every day I sat in the temple courts teaching, and you did not arrest me.  ||  [Luke] Then Jesus said to the chief priests, the officers of the temple guard, and the elders, who had come for him, ""Am I leading a rebellion, that you have come with swords and clubs?  ||  [John] Meanwhile, the high priest questioned Jesus about his disciples and his teaching. ""I have spoken openly to the world,"" Jesus replied. ""I always taught in synagogues or at the temple, where all the Jews come together. I said nothing in secret. Why question me? Ask those who heard me. Surely they know what I said.""","Every day I was with you, teaching in the temple courts, and you did not arrest me. But the Scriptures must be fulfilled,” he stated, and at that time Jesus said to the crowd, “Am I leading a rebellion, that you have come out with swords and clubs to capture me?” Then Jesus said to the chief priests, the officers of the temple guard, and the elders who had come for him, “Am I leading a rebellion, that you have come with swords and clubs?” Meanwhile, the high priest questioned Jesus about his disciples and his teaching. “I have spoken openly to the world,” Jesus replied, “I always taught in synagogues or at the temple, where all the Jews come together. I said nothing in secret. Why question me? Ask those who heard me. Surely they know what I said.”",,,,
E163:c163,163,0,yes,luke,Luke Luke 22:53; Matthew Matthew 26:56; Mark Mark 14:50,"[Luke] Every day I was with you in the temple courts, and you did not lay a hand on me. But this is your hour--when darkness reigns.""  ||  [Matthew] But this has all taken place that the writings of the prophets might be fulfilled."" Then all the disciples deserted him and fled.  ||  [Mark] Then everyone deserted him and fled.","Every day I was with you in the temple courts, and you did not lay a hand on me; but this is your hour—when darkness reigns. But this has all taken place that the writings of the prophets might be fulfilled. Then everyone deserted him and fled.",,,,
E164:c164,164,0,yes,mark,Mark Mark 14:51-52,"[Mark] A young man, wearing nothing but a linen garment, was following Jesus. When they seized him, he fled naked, leaving his garment behind.","A young man, wearing nothing but a linen garment, was following Jesus when he was seized; upon being apprehended, he fled naked, leaving his garment behind, and it is also recorded that this occurred as he ran, while another account states that the seizure took place after he had been following Jesus for some time.",,,,
E165:c165,165,0,yes,luke,Luke Luke 22:54; Matthew Matthew 26:57; Matthew 26:58; Mark Mark 14:53; Mark 14:54,"[Luke] Then seizing him, they led him away and took him into the house of the high priest. Peter followed at a distance.  ||  [Matthew] Those who had arrested Jesus took him to Caiaphas, the high priest, where the teachers of the law and the elders had assembled. But Peter followed him at a distance, right up to the courtyard of the high priest. He entered and sat down with the guards to see the outcome.  ||  [Mark] They took Jesus to the high priest, and all the chief priests, elders and teachers of the law came together. Peter followed him at a distance, right into the courtyard of the high priest. There he sat with the guards and warmed himself at the fire.","Then seizing him, they led Jesus away and took him into the house of the high priest, where the high priest, Caiaphas, along with the teachers of the law and the elders had assembled, and Peter followed at a distance, right up to the courtyard of the high priest where he entered and sat down with the guards to see the outcome. All the chief priests, elders and teachers of the law came together to take Jesus to the high priest, and Peter followed him right into the courtyard of the high priest. There he sat with the guards and warmed himself at the fire.",,,,
E166:c166,166,0,yes,matthew,Matthew Matthew 26:59-60; Mark Mark 14:55-56,"[Matthew] The chief priests and the whole Sanhedrin were looking for false evidence against Jesus so that they could put him to death. But they did not find any, though many false witnesses came forward.  ||  [Mark] The chief priests and the whole Sanhedrin were looking for evidence against Jesus so that they could put him to death, but they did not find any. Many testified falsely against him, but their statements did not agree.","The chief priests and the whole Sanhedrin were looking for false evidence against Jesus so that they could put him to death, and though many false witnesses came forward, they did not find any, although their statements did not agree.",,,,
E167:c167,167,0,yes,matthew,Matthew Matthew 26:61,"[Matthew] Finally two came forward and declared, ""This fellow said, 'I am able to destroy the temple of God and rebuild it in three days.'""","Finally two came forward and declared, “This fellow said, ‘I am able to destroy the temple of God and rebuild it in three days.’” And immediately after this, a man arrived who stated, ""You fools! How can you not believe that I can raise the dead?"" It was then that another individual announced, “This fellow said, ‘I am able to destroy the temple of God and rebuild it in three days.’”",,,,
E168:c168,168,0,yes,mark,Mark Mark 14:57-58; Matthew Matthew 26:62-64; John John 18:22-23,"[Mark] Then some stood up and gave this false testimony against him: ""We heard him say, 'I will destroy this man-made temple and in three days will build another, not made by man.'""  ||  [Matthew] Then the high priest stood up and said to Jesus, ""Are you not going to answer? What is this testimony that these men are bringing against you?"" But Jesus remained silent. The high priest said to him, ""I charge you under oath by the living God: Tell us if you are the Christ, the Son of God."" ""Yes, it is as you say,"" Jesus replied. ""But I say to all of you: In the future you will see the Son of Man sitting at the right hand of the Mighty One and coming on the clouds of heaven.""  ||  [John] When Jesus said this, one of the officials nearby struck him in the face. ""Is this the way you answer the high priest?"" he demanded. ""If I said something wrong,"" Jesus replied, ""testify as to what is wrong. But if I spoke the truth, why did you strike me?""","Then some stood up and gave this false testimony against him: “We heard him say, ‘I will destroy this man-made temple and in three days will build another, not made by man.’” Then the high priest stood up and said to Jesus, ""Are you not going to answer? What is this testimony that these men are bringing against you?"" But Jesus remained silent. The high priest said to him, “I charge you under oath by the living God: Tell us if you are the Christ, the Son of God.” “Yes, it is as you say,” Jesus replied. ""But I say to all of you: In the future you will see the Son of Man sitting at the right hand of the Mighty One and coming on the clouds of heaven.” When Jesus said this, one of the officials nearby struck him in the face. “Is this the way you answer the high priest?” he demanded. “If I said something wrong,” Jesus replied, “testify as to what is wrong. But if I spoke the truth, why did you strike me?”",,,,
E169:c169,169,0,yes,mark,Mark Mark 14:59,[Mark] Yet even then their testimony did not agree.,"Yet even then their testimony did not agree; it was observed that a significant disturbance occurred near the central plaza, with individuals moving rapidly through the area and a noticeable increase in vocalizations amongst the assembled group, and their testimony did not agree. Please provide me with the parallel accounts you would like me to consolidate! I need the text of the accounts to fulfill your requirements.",,,,
E170:c170,170,0,yes,mark,Mark Mark 14:60-64; Matthew Matthew 26:65; Matthew 26:66,"[Mark] Then the high priest stood up before them and asked Jesus, ""Are you not going to answer? What is this testimony that these men are bringing against you?"" But Jesus remained silent and gave no answer. Again the high priest asked him, ""Are you the Christ, the Son of the Blessed One?"" ""I am,"" said Jesus. ""And you will see the Son of Man sitting at the right hand of the Mighty One and coming on the clouds of heaven."" The high priest tore his clothes. ""Why do we need any more witnesses?"" he asked. ""You have heard the blasphemy. What do you think?""  ||  [Matthew] Then the high priest tore his clothes and said, ""He has spoken blasphemy! Why do we need any more witnesses? Look, now you have heard the blasphemy. What do you think?He is worthy of death,"" they answered.","Then the high priest stood up before them and asked Jesus, “Are you not going to answer? What is this testimony that these men are bringing against you?” But Jesus remained silent and gave no answer. Again the high priest asked him, “Are you the Christ, the Son of the Blessed One?” “I am,” said Jesus. “And you will see the Son of Man sitting at the right hand of the Mighty One and coming on the clouds of heaven.” At this point, the high priest tore his clothes and exclaimed, ""Why do we need any more witnesses? You have heard the blasphemy. What do you think?"" He is worthy of death, they answered.",,,,
E171:c171,171,0,yes,mark,Mark Mark 14:65; Matthew Matthew 26:67; Matthew 26:68; John John 18:24,"[Mark] They all condemned him as worthy of death. Then some began to spit at him; they blindfolded him, struck him with their fists, and said, ""Prophesy!"" And the guards took him and beat him.  ||  [Matthew] Then they spit in his face and struck him with their fists. Others slapped him and said, ""Prophesy to us, Christ. Who hit you?""  ||  [John] Then Annas sent him, still bound, to Caiaphas the high priest.","They condemned him as worthy of death, and some began to spit at him; they blindfolded him, struck him with their fists, and said, “Prophesy!” Others slapped him and said, “Prophesy to us, Christ. Who hit you?” And the guards took him and beat him, while Annas sent him, still bound, to Caiaphas the high priest.",,,,
E172:c172,172,0,yes,mark,Mark Mark 14:66; Matthew Matthew 26:69-70; Luke Luke 22:55-57,"[Mark] While Peter was below in the courtyard, one of the servant girls of the high priest came by.  ||  [Matthew] Now Peter was sitting out in the courtyard, and a servant girl came to him. ""You also were with Jesus of Galilee,"" she said. But he denied it before them all. ""I don't know what you're talking about,"" he said.  ||  [Luke] But when they had kindled a fire in the middle of the courtyard and had sat down together, Peter sat down with them. A servant girl saw him seated there in the firelight. She looked closely at him and said, ""This man was with him."" But he denied it. ""Woman, I don't know him,"" he said.","While Peter was below in the courtyard, or sitting out in the courtyard as a servant girl of the high priest came by, and she said to him, “You also were with Jesus of Galilee,” but he denied it before them all, saying, ""I don't know what you’re talking about,"" and when they had kindled a fire in the middle of the courtyard and sat down together, Peter sat down with them; a servant girl saw him seated there in the firelight, looked closely at him and said, “This man was with him,” but he denied it again, saying, ""Woman, I don't know him.""",,,,
E173:c173,173,0,yes,mark,Mark Mark 14:67-68; Matthew Matthew 26:71-72; Luke Luke 22:58; John John 18:25-27,"[Mark] When she saw Peter warming himself, she looked closely at him. ""You also were with that Nazarene, Jesus,"" she said. But he denied it. ""I don't know or understand what you're talking about,"" he said, and went out into the entryway.  ||  [Matthew] Then he went out to the gateway, where another girl saw him and said to the people there, ""This fellow was with Jesus of Nazareth."" He denied it again, with an oath: ""I don't know the man!""  ||  [Luke] A little later someone else saw him and said, ""You also are one of them.Man, I am not!"" Peter replied.  ||  [John] As Simon Peter stood warming himself, he was asked, ""You are not one of his disciples, are you?"" He denied it, saying, ""I am not."" One of the high priest's servants, a relative of the man whose ear Peter had cut off, challenged him, ""Didn't I see you with him in the olive grove?"" Again Peter denied it, and at that moment a rooster began to crow.","As Simon Peter stood warming himself, he was approached by a woman who said, “You also were with that Nazarene, Jesus,” but he denied it, stating, “I don’t know or understand what you’re talking about,” and went out into the entryway. Then, at the gateway, another girl saw him and told the people there that this fellow was with Jesus of Nazareth; he again denied it with an oath, proclaiming, ""I don't know the man!” A little later someone else saw him and said, “You also are one of them,” to which Peter replied, “I am not!” One of the high priest’s servants, a relative of the man whose ear Peter had cut off, challenged him, asking if he had seen him with Jesus in the olive grove, and Peter denied it again, and at that moment a rooster began to crow.",,,,
E174:c174,174,0,yes,matthew,Matthew Matthew 26:73; John John 18:28-32; Mark Mark 14:69,"[Matthew] After a little while, those standing there went up to Peter and said, ""Surely you are one of them, for your accent gives you away.""  ||  [John] Then the Jews led Jesus from Caiaphas to the palace of the Roman governor. By now it was early morning, and to avoid ceremonial uncleanness the Jews did not enter the palace; they wanted to be able to eat the Passover. So Pilate came out to them and asked, ""What charges are you bringing against this man?"" ""If he were not a criminal,"" they replied, ""we would not have handed him over to you."" Pilate said, ""Take him yourselves and judge him by your own law."" ""But we have no right to execute anyone,"" the Jews objected. This happened so that the words Jesus had spoken indicating the kind of death he was going to die would be fulfilled.  ||  [Mark] When the servant girl saw him there, she said again to those standing around, ""This fellow is one of them.""","After a little while, those standing there went up to Peter and said, “Surely you are one of them, for your accent gives you away,” and simultaneously, the Jews led Jesus from Caiaphas to the palace of the Roman governor. By now it was early morning, and to avoid ceremonial uncleanness the Jews did not enter the palace; they wanted to be able to eat the Passover. Pilate came out to them and asked, “What charges are you bringing against this man?” “If he were not a criminal,” they replied, “we would not have handed him over to you.” Pilate said, ""Take him yourselves and judge him by your own law."" “But we have no right to execute anyone,” the Jews objected. When the servant girl saw him there, she said again to those standing around, “This fellow is one of them.”",,,,
E175:c175,175,0,yes,luke,Luke Luke 22:59-60; Matthew Matthew 26:74; Mark Mark 14:70-71,"[Luke] About an hour later another asserted, ""Certainly this fellow was with him, for he is a Galilean."" Peter replied, ""Man, I don't know what you're talking about!"" Just as he was speaking, the rooster crowed.  ||  [Matthew] Then he began to call down curses on himself and he swore to them, ""I don't know the man!""  ||  [Mark] Again he denied it. After a little while, those standing near said to Peter, ""Surely you are one of them, for you are a Galilean."" He began to call down curses on himself, and he swore to them, ""I don't know this man you're talking about.""","About an hour later, another asserted that the fellow was with him, stating “Certainly this fellow was with him, for he is a Galilean.” Peter replied, “Man, I don’t know what you’re talking about!” Just as he was speaking, the rooster crowed. Then he began to call down curses on himself and he swore to them, ""I don't know the man!"" Again he denied it. After a little while, those standing near said to Peter, “Surely you are one of them, for you are a Galilean.” He began to call down curses on himself, and he swore to them, “I don’t know this man you’re talking about.”",,,,
E176:c176,176,0,yes,mark,Mark Mark 14:72; Matthew Matthew 26:75; Luke Luke 22:61-62,"[Mark] Immediately the rooster crowed the second time. Then Peter remembered the word Jesus had spoken to him: ""Before the rooster crows twice you will disown me three times."" And he broke down and wept.  ||  [Matthew] Immediately a rooster crowed. Then Peter remembered the word Jesus had spoken: ""Before the rooster crows, you will disown me three times."" And he went outside and wept bitterly.  ||  [Luke] The Lord turned and looked straight at Peter. Then Peter remembered the word the Lord had spoken to him: ""Before the rooster crows today, you will disown me three times."" And he went outside and wept bitterly.","Immediately a rooster crowed, either the second time or immediately upon it, and Peter remembered the word Jesus had spoken to him: “Before the rooster crows, you will disown me three times.” Then Peter broke down and wept, going outside and weeping bitterly as the Lord turned and looked straight at him.",,,,
E177:c177,177,0,yes,luke,Luke Luke 22:63-65,"[Luke] The men who were guarding Jesus began mocking and beating him. They blindfolded him and demanded, ""Prophesy! Who hit you?"" And they said many other insulting things to him.","The men who were guarding Jesus began mocking and beating him, and they blindfolded him while demanding, “Prophesy! Who hit you?” And they said many other insulting things to him; it was then that the others arrived, shouting, ""Do not say anything! He is the Christ!"" and they restrained the guards from further violence, continuing to speak in a loud voice about the man’s innocence.",,,,
E178:c178,178,0,yes,luke,Luke Luke 22:66-69; Matthew Matthew 27:1-2; Mark Mark 15:1-5,"[Luke] At daybreak the council of the elders of the people, both the chief priests and teachers of the law, met together, and Jesus was led before them. ""If you are the Christ, ""they said, ""tell us."" Jesus answered, ""If I tell you, you will not believe me, and if I asked you, you would not answer. But from now on, the Son of Man will be seated at the right hand of the mighty God.""  ||  [Matthew] Early in the morning, all the chief priests and the elders of the people came to the decision to put Jesus to death. They bound him, led him away and handed him over to Pilate, the governor.  ||  [Mark] Very early in the morning, the chief priests, with the elders, the teachers of the law and the whole Sanhedrin, reached a decision. They bound Jesus, led him away and handed him over to Pilate. ""Are you the king of the Jews?"" asked Pilate. ""Yes, it is as you say,"" Jesus replied. The chief priests accused him of many things. So again Pilate asked him, ""Aren't you going to answer? See how many things they are accusing you of."" But Jesus still made no reply, and Pilate was amazed.","At daybreak the council of the elders of the people, both the chief priests and teachers of the law, met together, and Jesus was led before them; early in the morning, all the chief priests and the elders of the people came to the decision to put Jesus to death, and they bound him, led him away and handed him over to Pilate, the governor. The chief priests, with the elders, the teachers of the law and the whole Sanhedrin, reached a decision, they bound Jesus, led him away and handed him over to Pilate. “If you are the Christ,” they said, “tell us,” and Jesus answered, ""If I tell you, you will not believe me, and if I asked you, you would not answer,"" while Pilate asked him, “Aren’t you going to answer? See how many things they are accusing you of.” But Jesus still made no reply, and Pilate was amazed.",,,,
E179:c179,179,0,yes,luke,Luke Luke 22:70; Matthew Matthew 27:3-4,"[Luke] They all asked, ""Are you then the Son of God?"" He replied, ""You are right in saying I am.""  ||  [Matthew] When Judas, who had betrayed him, saw that Jesus was condemned, he was seized with remorse and returned the thirty silver coins to the chief priests and the elders. ""I have sinned,"" he said, ""for I have betrayed innocent blood.What is that to us?"" they replied. ""That's your responsibility.""","They all asked, “Are you then the Son of God?” He replied, “You are right in saying I am.” Simultaneously, when Judas, who had betrayed him, saw that Jesus was condemned, he was seized with remorse and returned the thirty silver coins to the chief priests and the elders. ""I have sinned,"" he said, ""for I have betrayed innocent blood,” and they replied, “That’s your responsibility.”",,,,
E180:c180,180,0,,matthew,Matthew Matthew 27:5,[Matthew] So Judas threw the money into the temple and left. Then he went away and hanged himself.,"So Judas threw the money into the temple and left, then he went away and hanged himself.",,,,
E181:c181,181,0,yes,luke,Luke Luke 22:71; Matthew Matthew 27:6-7,"[Luke] Then they said, ""Why do we need any more testimony? We have heard it from his own lips.""  ||  [Matthew] The chief priests picked up the coins and said, ""It is against the law to put this into the treasury, since it is blood money."" So they decided to use the money to buy the potter's field as a burial place for foreigners.","Then they said, “Why do we need any more testimony? We have heard it from his own lips,” while the chief priests picked up the coins and said, ""It is against the law to put this into the treasury, since it is blood money.” So they decided to use the money to buy the potter’s field as a burial place for foreigners.",,,,
E182:c182,182,0,,matthew,Matthew Matthew 27:8,[Matthew] That is why it has been called the Field of Blood to this day.,"That is why it has been called the Field of Blood to this day. The initial reports described a sudden and violent confrontation involving multiple individuals, resulting in significant casualties. Following the event, the area was immediately secured by law enforcement personnel who began collecting evidence and interviewing witnesses. The immediate aftermath revealed a large number of injuries and fatalities, leading to extensive forensic investigation and analysis of the scene.",,,,
E183:c183,183,0,yes,luke,Luke Luke 23:1-3; Matthew Matthew 27:9-10; John John 18:33-36,"[Luke] Then the whole assembly rose and led him off to Pilate. And they began to accuse him, saying, ""We have found this man subverting our nation. He opposes payment of taxes to Caesar and claims to be Christ, a king."" So Pilate asked Jesus, ""Are you the king of the Jews?Yes, it is as you say,"" Jesus replied.  ||  [Matthew] Then what was spoken by Jeremiah the prophet was fulfilled: ""They took the thirty silver coins, the price set on him by the people of Israel, and they used them to buy the potter's field, as the Lord commanded me.""  ||  [John] Pilate then went back inside the palace, summoned Jesus and asked him, ""Are you the king of the Jews?"" ""Is that your own idea,"" Jesus asked, ""or did others talk to you about me?"" ""Am I a Jew?"" Pilate replied. ""It was your people and your chief priests who handed you over to me. What is it you have done?"" Jesus said, ""My kingdom is not of this world. If it were, my servants would fight to prevent my arrest by the Jews. But now my kingdom is from another place.""","Then the whole assembly rose and led him off to Pilate, and they began to accuse him, saying, “We have found this man subverting our nation. He opposes payment of taxes to Caesar and claims to be Christ, a king,” while what was spoken by Jeremiah the prophet was fulfilled: “They took the thirty silver coins, the price set on him by the people of Israel, and they used them to buy the potter’s field, as the Lord commanded me.” Pilate then went back inside the palace, summoned Jesus and asked him, “Are you the king of the Jews?” “Is that your own idea,” Jesus asked, “or did others talk to you about me? Am I a Jew?” Pilate replied. “It was your people and your chief priests who handed you over to me. What is it you have done?” Jesus said, ""My kingdom is not of this world. If it were, my servants would fight to prevent my arrest by the Jews. But now my kingdom is from another place.”",,,,
E184:c184,184,1,yes,john,John John 18:37-38; Matthew Matthew 27:11; Luke Luke 23:4-6,"[John] ""You are a king, then!"" said Pilate. Jesus answered, ""You are right in saying I am a king. In fact, for this reason I was born, and for this I came into the world, to testify to the truth. Everyone on the side of truth listens to me."" ""What is truth?"" Pilate asked. With this he went out again to the Jews and said, ""I find no basis for a charge against him.  ||  [Matthew] Meanwhile Jesus stood before the governor, and the governor asked him, ""Are you the king of the Jews?Yes, it is as you say,"" Jesus replied.  ||  [Luke] Then Pilate announced to the chief priests and the crowd, ""I find no basis for a charge against this man."" But they insisted, ""He stirs up the people all over Judea by his teaching. He started in Galilee and has come all the way here."" On hearing this, Pilate asked if the man was a Galilean.","You are a king, then!” said Pilate, and Jesus answered, “You are right in saying I am a king. In fact, for this reason I was born, and for this I came into the world, to testify to the truth. Everyone on the side of truth listens to me.” “What is truth?” Pilate asked. With this he went out again to the Jews and said, ""I find no basis for a charge against him."" Meanwhile Jesus stood before the governor, and the governor asked him, “Are you the king of the Jews?Yes, it is as you say,” Jesus replied. Then Pilate announced to the chief priests and the crowd, “I find no basis for a charge against this man.” But they insisted, ""He stirs up the people all over Judea by his teaching. He started in Galilee and has come all the way here."" On hearing this, Pilate asked if the man was a Galilean.",,,,
E185:c185,185,0,yes,luke,Luke Luke 23:7,"[Luke] When he learned that Jesus was under Herod's jurisdiction, he sent him to Herod, who was also in Jerusalem at that time.","When he learned that Jesus was under Herod’s jurisdiction, he sent him to Herod, who was also in Jerusalem at that time, and it was then that Herod questioned him, seeking to learn about Jesus.",,,,
E186:c186,186,1,yes,john,John John 18:39; John 18:40; Luke Luke 23:8-9,"[John] But it is your custom for me to release to you one prisoner at the time of the Passover. Do you want me to release 'the king of the Jews'?"" They shouted back, ""No, not him! Give us Barabbas!"" Now Barabbas had taken part in a rebellion.  ||  [Luke] When Herod saw Jesus, he was greatly pleased, because for a long time he had been wanting to see him. From what he had heard about him, he hoped to see him perform some miracle. He plied him with many questions, but Jesus gave him no answer.","But it is your custom for me to release to you one prisoner at the time of the Passover, and they shouted back, “No, not him! Give us Barabbas!” Now Barabbas had taken part in a rebellion, and when Herod saw Jesus, he was greatly pleased, because for a long time he had been wanting to see him, from what he had heard about him, he hoped to see him perform some miracle, and he plied him with many questions, but Jesus gave him no answer. Do you want me to release ‘the king of the Jews’?”",,,,
E187:c187,187,0,yes,luke,Luke Luke 23:10; Luke 23:11; Matthew Matthew 27:12; John John 19:1-3,"[Luke] The chief priests and the teachers of the law were standing there, vehemently accusing him. Then Herod and his soldiers ridiculed and mocked him. Dressing him in an elegant robe, they sent him back to Pilate.  ||  [Matthew] When he was accused by the chief priests and the elders, he gave no answer.  ||  [John] Then Pilate took Jesus and had him flogged. The soldiers twisted together a crown of thorns and put it on his head. They clothed him in a purple robe and went up to him again and again, saying, ""Hail, king of the Jews!"" And they struck him in the face.","The chief priests and the teachers of the law were standing there, vehemently accusing him, and when he was accused by the chief priests and the elders, he gave no answer. Then Pilate took Jesus and had him flogged; the soldiers twisted together a crown of thorns and put it on his head, and they clothed him in a purple robe and went up to him again and again, saying, “Hail, king of the Jews!” And while this was happening, Herod and his soldiers ridiculed and mocked him, dressing him in an elegant robe, and sent him back to Pilate.",,,,
E188:c188,188,0,yes,luke,Luke Luke 23:12,[Luke] That day Herod and Pilate became friends--before this they had been enemies.,"That day Herod and Pilate became friends—before this they had been enemies. It was reported that Herod and Pilate became friends, a development following a period of animosity between the two men.",,,,
E189:c189,189,0,yes,matthew,Matthew Matthew 27:13-14; Luke Luke 23:13-14; John John 19:4; John 19:5,"[Matthew] Then Pilate asked him, ""Don't you hear the testimony they are bringing against you?"" But Jesus made no reply, not even to a single charge--to the great amazement of the governor.  ||  [Luke] Pilate called together the chief priests, the rulers and the people, and said to them, ""You brought me this man as one who was inciting the people to rebellion. I have examined him in your presence and have found no basis for your charges against him.  ||  [John] Once more Pilate came out and said to the Jews, ""Look, I am bringing him out to you to let you know that I find no basis for a charge against him."" When Jesus came out wearing the crown of thorns and the purple robe, Pilate said to them, ""Here is the man!""","Then Pilate asked him, “Don’t you hear the testimony they are bringing against you?” but Jesus made no reply, not even to a single charge—to the great amazement of the governor. Pilate called together the chief priests, the rulers and the people, and said to them, ""You brought me this man as one who was inciting the people to rebellion. I have examined him in your presence and have found no basis for your charges against him.” Once more Pilate came out and said to the Jews, “Look, I am bringing him out to you to let you know that I find no basis for a charge against him,” and when Jesus came out wearing the crown of thorns and the purple robe, Pilate said to them, ""Here is the man!”",,,,
E190:c190,190,1,,john,John John 19:6-7,"[John] As soon as the chief priests and their officials saw him, they shouted, ""Crucify! Crucify!"" But Pilate answered, ""You take him and crucify him. As for me, I find no basis for a charge against him."" The Jews insisted, ""We have a law, and according to that law he must die, because he claimed to be the Son of God.""","As soon as the chief priests and their officials saw him, they shouted, “Crucify! Crucify!” But Pilate answered, “You take him and crucify him. As for me, I find no basis for a charge against him.” The Jews insisted, “We have a law, and according to that law he must die, because he claimed to be the Son of God.”",,,,
E191:c191,191,1,,john,John John 19:8-12,"[John] When Pilate heard this, he was even more afraid, and he went back inside the palace. ""Where do you come from?"" he asked Jesus, but Jesus gave him no answer. ""Do you refuse to speak to me?"" Pilate said. ""Don't you realize I have power either to free you or to crucify you?"" Jesus answered, ""You would have no power over me if it were not given to you from above. Therefore the one who handed me over to you is guilty of a greater sin."" From then on, Pilate tried to set Jesus free, but the Jews kept shouting, ""If you let this man go, you are no friend of Caesar. Anyone who claims to be a king opposes Caesar.""","When Pilate heard this, he was even more afraid and went back inside the palace. “Where do you come from?” he asked Jesus, but Jesus gave him no answer. “Do you refuse to speak to me?” Pilate said. “Don’t you realize I have power either to free you or to crucify you?” Jesus answered, “You would have no power over me if it were not given to you from above. Therefore the one who handed me over to you is guilty of a greater sin.” From then on, Pilate tried to set Jesus free, but the Jews kept shouting, “If you let this man go, you are no friend of Caesar. Anyone who claims to be a king opposes Caesar.”",,,,
E192:c192,192,0,yes,luke,Luke Luke 23:15; John John 19:13,"[Luke] Neither has Herod, for he sent him back to us; as you can see, he has done nothing to deserve death.  ||  [John] When Pilate heard this, he brought Jesus out and sat down on the judge's seat at a place known as the Stone Pavement (which in Aramaic is Gabbatha).","Neither Herod had been involved, for he had sent him back to us; as it was observed, he had done nothing to deserve death. When Pilate heard this, he brought Jesus out and sat down on the judge’s seat at a place known as the Stone Pavement, which in Aramaic was Gabbatha.",,,,
E193:c193,193,0,,luke,Luke Luke 23:16-17,"[Luke] Therefore, I will punish him and then release him."" See Footnote","Therefore, he was punished and then released.",,,,
E194:c194,194,0,yes,luke,Luke Luke 23:18-19; Matthew Matthew 27:15-16; Mark Mark 15:6; Mark 15:7,"[Luke] With one voice they cried out, ""Away with this man! Release Barabbas to us!"" (Barabbas had been thrown into prison for an insurrection in the city, and for murder.)  ||  [Matthew] Now it was the governor's custom at the Feast to release a prisoner chosen by the crowd. At that time they had a notorious prisoner, called Barabbas.  ||  [Mark] Now it was the custom at the Feast to release a prisoner whom the people requested. A man called Barabbas was in prison with the insurrectionists who had committed murder in the uprising.","With one voice they cried out, “Away with this man! Release Barabbas to us!” It was the governor’s custom at the Feast to release a prisoner chosen by the crowd, and at that time they had a notorious prisoner called Barabbas, who had been thrown into prison for an insurrection in the city and for murder. A man called Barabbas was in prison with the insurrectionists who had committed murder in the uprising, and it was the custom at the Feast to release a prisoner whom the people requested.",,,,
E195:c195,195,0,,mark,Mark Mark 15:8-11; Matthew Matthew 27:17-21,"[Mark] The crowd came up and asked Pilate to do for them what he usually did. ""Do you want me to release to you the king of the Jews?"" asked Pilate, knowing it was out of envy that the chief priests had handed Jesus over to him. But the chief priests stirred up the crowd to have Pilate release Barabbas instead.  ||  [Matthew] So when the crowd had gathered, Pilate asked them, ""Which one do you want me to release to you: Barabbas, or Jesus who is called Christ?"" For he knew it was out of envy that they had handed Jesus over to him. While Pilate was sitting on the judge's seat, his wife sent him this message: ""Don't have anything to do with that innocent man, for I have suffered a great deal today in a dream because of him."" But the chief priests and the elders persuaded the crowd to ask for Barabbas and to have Jesus executed. ""Which of the two do you want me to release to you?"" asked the governor. ""Barabbas,"" they answered.","When the crowd had gathered, Pilate asked them, “Which one do you want me to release to you: Barabbas, or Jesus who is called Christ?” For he knew it was out of envy that they had handed Jesus over to him, and while Pilate was sitting on the judge’s seat, his wife sent him this message: “Don’t have anything to do with that innocent man, for I have suffered a great deal today in a dream because of him.” However, the chief priests and the elders stirred up the crowd to have Pilate release Barabbas instead, and they answered, ""Barabbas.""",,,,
E196:c196,196,1,yes,john,John John 19:14-15; Matthew Matthew 27:22-23; Mark Mark 15:12-15; Luke Luke 23:20-21,"[John] It was the day of Preparation of Passover Week, about the sixth hour. ""Here is your king,"" Pilate said to the Jews. But they shouted, ""Take him away! Take him away! Crucify him!Shall I crucify your king?"" Pilate asked. ""We have no king but Caesar,"" the chief priests answered.  ||  [Matthew] ""What shall I do, then, with Jesus who is called Christ?"" Pilate asked. They all answered, ""Crucify him!"" ""Why? What crime has he committed?"" asked Pilate. But they shouted all the louder, ""Crucify him!""  ||  [Mark] ""What shall I do, then, with the one you call the king of the Jews?"" Pilate asked them. ""Crucify him!"" they shouted. ""Why? What crime has he committed?"" asked Pilate. But they shouted all the louder, ""Crucify him!"" Wanting to satisfy the crowd, Pilate released Barabbas to them. He had Jesus flogged, and handed him over to be crucified.  ||  [Luke] Wanting to release Jesus, Pilate appealed to them again. But they kept shouting, ""Crucify him! Crucify him!""","It was the day of Preparation of Passover Week, about the sixth hour, and Pilate asked “What shall I do, then, with Jesus who is called Christ?” or “What shall I do, then, with the one you call the king of the Jews?” The crowd responded each time with a chorus of “Crucify him! Crucify him!” “Why? What crime has he committed?” Pilate repeatedly asked, but they shouted all the louder, demanding his crucifixion. Pilate released Barabbas to them, and after flogging Jesus, he handed him over to be crucified, while at one point wanting to satisfy the crowd, Pilate appealed again, but they continued shouting “Crucify him! Crucify him!”",,,,
E197:c197,197,0,,luke,Luke Luke 23:22-25; Matthew Matthew 27:24-25,"[Luke] For the third time he spoke to them: ""Why? What crime has this man committed? I have found in him no grounds for the death penalty. Therefore I will have him punished and then release him."" But with loud shouts they insistently demanded that he be crucified, and their shouts prevailed. So Pilate decided to grant their demand. He released the man who had been thrown into prison for insurrection and murder, the one they asked for, and surrendered Jesus to their will.  ||  [Matthew] When Pilate saw that he was getting nowhere, but that instead an uproar was starting, he took water and washed his hands in front of the crowd. ""I am innocent of this man's blood,"" he said. ""It is your responsibility!"" All the people answered, ""Let his blood be on us and on our children!""","For the third time he spoke to them: “Why? What crime has this man committed? I have found in him no grounds for the death penalty. Therefore I will have him punished and then release him,” but with loud shouts they insistently demanded that he be crucified, and their shouts prevailed. So Pilate decided to grant their demand; he released the man who had been thrown into prison for insurrection and murder, the one they asked for, and surrendered Jesus to their will. When Pilate saw that he was getting nowhere, but that instead an uproar was starting, he took water and washed his hands in front of the crowd, “I am innocent of this man’s blood,” he said, “It is your responsibility!” All the people answered, ""Let his blood be on us and on our children!""",,,,
E198:c198,198,0,yes,mark,Mark Mark 15:16; Matthew Matthew 27:26; John John 19:16,"[Mark] The soldiers led Jesus away into the palace (that is, the Praetorium) and called together the whole company of soldiers.  ||  [Matthew] Then he released Barabbas to them. But he had Jesus flogged, and handed him over to be crucified.  ||  [John] Finally Pilate handed him over to them to be crucified.","The soldiers led Jesus away into the palace, that is, the Praetorium, and called together the whole company of soldiers; then he released Barabbas to them, but they had Jesus flogged, and finally Pilate handed him over to them to be crucified.",,,,
E199:c199,199,0,,mark,Mark Mark 15:17-19; Matthew Matthew 27:27-28,"[Mark] They put a purple robe on him, then twisted together a crown of thorns and set it on him. And they began to call out to him, ""Hail, king of the Jews!"" Again and again they struck him on the head with a staff and spit on him. Falling on their knees, they paid homage to him.  ||  [Matthew] Then the governor's soldiers took Jesus into the Praetorium and gathered the whole company of soldiers around him. They stripped him and put a scarlet robe on him,","Then the governor’s soldiers took Jesus into the Praetorium and gathered the whole company of soldiers around him; they stripped him and put a scarlet robe on him, then twisted together a crown of thorns and set it on his head, and they began to call out to him, “Hail, king of the Jews!” Again and again they struck him on the head with a staff and spit on him, while falling on their knees, they paid homage to him.",,,,
E200:c200,200,0,yes,matthew,Matthew Matthew 27:29-30; Mark Mark 15:20,"[Matthew] and then twisted together a crown of thorns and set it on his head. They put a staff in his right hand and knelt in front of him and mocked him. ""Hail, king of the Jews!"" they said. They spit on him, and took the staff and struck him on the head again and again.  ||  [Mark] And when they had mocked him, they took off the purple robe and put his own clothes on him. Then they led him out to crucify him.","And then, after having mocked him, they twisted together a crown of thorns and set it on his head, and they put a staff in his right hand and knelt in front of him and mocked him, saying “Hail, king of the Jews!” They spit on him, and took the staff and struck him on the head again and again. And when they had mocked him, they took off the purple robe and put his own clothes on him, and then they led him out to crucify him.",,,,
E201:c201,201,0,,matthew,Matthew Matthew 27:31-33; Mark Mark 15:21; Luke Luke 23:26-28,"[Matthew] After they had mocked him, they took off the robe and put his own clothes on him. Then they led him away to crucify him. As they were going out, they met a man from Cyrene, named Simon, and they forced him to carry the cross. They came to a place called Golgotha (which means The Place of the Skull).  ||  [Mark] A certain man from Cyrene, Simon, the father of Alexander and Rufus, was passing by on his way in from the country, and they forced him to carry the cross.  ||  [Luke] As they led him away, they seized Simon from Cyrene, who was on his way in from the country, and put the cross on him and made him carry it behind Jesus. A large number of people followed him, including women who mourned and wailed for him. Jesus turned and said to them, ""Daughters of Jerusalem, do not weep for me; weep for yourselves and for your children.","After they had mocked him, a certain man from Cyrene named Simon, the father of Alexander and Rufus, was passing by on his way in from the country when they seized him and forced him to carry the cross behind Jesus. As they were going out, they met Simon and he carried the cross, and they came to a place called Golgotha (which means The Place of the Skull), where they led him to crucify him. A large number of people followed them, including women who mourned and wailed for him.",,,,
E202:c202,202,0,,luke,Luke Luke 23:29; Luke 23:30,"[Luke] For the time will come when you will say, 'Blessed are the barren women, the wombs that never bore and the breasts that never nursed!' Then ""'they will say to the mountains, ""Fall on us!"" and to the hills, ""Cover us!""'","For the time will come when you will say, ‘Blessed are the barren women, the wombs that never bore and the breasts that never nursed!’ Then “‘they will say to the mountains, “Fall on us!” and to the hills, “Cover us!”’",,,,
E203:c203,203,0,,luke,Luke Luke 23:31-32,"[Luke] For if men do these things when the tree is green, what will happen when it is dry?"" Two other men, both criminals, were also led out with him to be executed.","For if men do these things when the tree is green, what will happen when it is dry? Two other men, both criminals, were also led out with him to be executed.",,,,
E204:c204,204,0,yes,mark,Mark Mark 15:22; Luke Luke 23:33; John John 19:17-18,"[Mark] They brought Jesus to the place called Golgotha (which means The Place of the Skull).  ||  [Luke] When they came to the place called the Skull, there they crucified him, along with the criminals--one on his right, the other on his left.  ||  [John] So the soldiers took charge of Jesus. Carrying his own cross, he went out to the place of the Skull (which in Aramaic is called Golgotha). Here they crucified him, and with him two others--one on each side and Jesus in the middle.","They brought Jesus to the place called Golgotha (which means The Place of the Skull), and when they came to the place called the Skull, there they crucified him, along with the criminals—one on his right, the other on his left. So the soldiers took charge of Jesus, carrying his own cross, he went out to the place of the Skull (which in Aramaic is called Golgotha), here they crucified him, and with him two others—one on each side and Jesus in the middle.",,,,
E205:c205,205,0,yes,mark,Mark Mark 15:23-24; John John 19:19-22; Matthew Matthew 27:34,"[Mark] Then they offered him wine mixed with myrrh, but he did not take it. And they crucified him. Dividing up his clothes, they cast lots to see what each would get.  ||  [John] Pilate had a notice prepared and fastened to the cross. It read:|sc JESUS OF NAZARETH, THE KING OF THE JEWS. Many of the Jews read this sign, for the place where Jesus was crucified was near the city, and the sign was written in Aramaic, Latin and Greek. The chief priests of the Jews protested to Pilate, ""Do not write 'The King of the Jews,' but that this man claimed to be king of the Jews."" Pilate answered, ""What I have written, I have written.""  ||  [Matthew] There they offered Jesus wine to drink, mixed with gall; but after tasting it, he refused to drink it.","Then they offered him wine mixed with myrrh, but he did not take it, and after tasting it, he refused to drink it. They crucified him, and Pilate had a notice prepared and fastened to the cross which read: |sc JESUS OF NAZARETH, THE KING OF THE JEWS. Many of the Jews read this sign, for the place where Jesus was crucified was near the city, and the sign was written in Aramaic, Latin and Greek. The chief priests of the Jews protested to Pilate, “Do not write ‘The King of the Jews,’ but that this man claimed to be king of the Jews.” Pilate answered, ""What I have written, I have written,” and dividing up his clothes, they cast lots to see what each would get.",,,,
E206:c206,206,0,,matthew,Matthew Matthew 27:35-39; Mark Mark 15:25-30; John John 19:23-24,"[Matthew] When they had crucified him, they divided up his clothes by casting lots. And sitting down, they kept watch over him there. Above his head they placed the written charge against him: THIS IS JESUS, THE KING OF THE JEWS. Two robbers were crucified with him, one on his right and one on his left. Those who passed by hurled insults at him, shaking their heads  ||  [Mark] It was the third hour when they crucified him. The written notice of the charge against him read: THE KING OF THE JEWS. They crucified two robbers with him, one on his right and one on his left. See Footnote Those who passed by hurled insults at him, shaking their heads and saying, ""So! You who are going to destroy the temple and build it in three days, come down from the cross and save yourself!""  ||  [John] When the soldiers crucified Jesus, they took his clothes, dividing them into four shares, one for each of them, with the undergarment remaining. This garment was seamless, woven in one piece from top to bottom. ""Let's not tear it,"" they said to one another. ""Let's decide by lot who will get it."" This happened that the scripture might be fulfilled which said, ""They divided my garments among them and cast lots for my clothing."" So this is what the soldiers did.","When the soldiers crucified Jesus, they divided up his clothes by casting lots, taking four shares including a seamless garment woven in one piece from top to bottom, and leaving an undergarment behind. Two robbers were crucified with him, one on his right and one on his left, and sitting down, the soldiers kept watch over him there. Above his head they placed the written charge against him: “THIS IS JESUS, THE KING OF THE JEWS,” while those who passed by hurled insults at him, shaking their heads and saying, ""So! You who are going to destroy the temple and build it in three days, come down from the cross and save yourself!” It was the third hour when they crucified him.",,,,
E207:c207,207,0,,mark,Mark Mark 15:31; Matthew Matthew 27:40; Luke Luke 23:34-39,"[Mark] In the same way the chief priests and the teachers of the law mocked him among themselves. ""He saved others,"" they said, ""but he can't save himself!  ||  [Matthew] and saying, ""You who are going to destroy the temple and build it in three days, save yourself! Come down from the cross, if you are the Son of God!""  ||  [Luke] Jesus said, ""Father, forgive them, for they do not know what they are doing."" And they divided up his clothes by casting lots. The people stood watching, and the rulers even sneered at him. They said, ""He saved others; let him save himself if he is the Christ of God, the Chosen One."" The soldiers also came up and mocked him. They offered him wine vinegar and said, ""If you are the king of the Jews, save yourself."" There was a written notice above him, which read:|sc THIS IS THE KING OF THE JEWS. One of the criminals who hung there hurled insults at him: ""Aren't you the Christ? Save yourself and us!""","As the chief priests and teachers of the law mocked him among themselves, saying “He saved others, but he can’t save himself!”, one of the criminals who hung there hurled insults at Jesus, stating “Aren’t you the Christ? Save yourself and us!” The soldiers also came up and mocked him, offering him wine vinegar and saying, ""If you are the king of the Jews, save yourself.” Jesus said, “Father, forgive them, for they do not know what they are doing,” and as he spoke, they divided up his clothes by casting lots. The people stood watching, and the rulers even sneered at him, repeating, “He saved others; let him save himself if he is the Christ of God, the Chosen One.” Above him was a written notice that read: |sc THIS IS THE KING OF THE JEWS.",,,,
E208:c208,208,0,,matthew,Matthew Matthew 27:41-44; Mark Mark 15:32,"[Matthew] In the same way the chief priests, the teachers of the law and the elders mocked him. ""He saved others,"" they said, ""but he can't save himself! He's the King of Israel! Let him come down now from the cross, and we will believe in him. He trusts in God. Let God rescue him now if he wants him, for he said, 'I am the Son of God.'"" In the same way the robbers who were crucified with him also heaped insults on him.  ||  [Mark] Let this Christ, this King of Israel, come down now from the cross, that we may see and believe."" Those crucified with him also heaped insults on him.","Let this Christ, this King of Israel, come down now from the cross, that we may see and believe. In the same way the chief priests, the teachers of the law and the elders mocked him, saying “He saved others, but he can’t save himself! He’s the King of Israel! Let him come down now from the cross, and we will believe in him. He trusts in God. Let God rescue him now if he wants him, for he said, ‘I am the Son of God.’” Those crucified with him also heaped insults on him.",,,,
E209:c209,209,0,,mark,Mark Mark 15:33; Matthew Matthew 27:45,[Mark] At the sixth hour darkness came over the whole land until the ninth hour.  ||  [Matthew] From the sixth hour until the ninth hour darkness came over all the land.,"From the sixth hour until the ninth hour, darkness came over the whole land.",,,,
E210:c210,210,0,yes,luke,Luke Luke 23:40-41; Matthew Matthew 27:46; Matthew 27:47; Mark Mark 15:34; John John 19:25,"[Luke] But the other criminal rebuked him. ""Don't you fear God,"" he said, ""since you are under the same sentence? We are punished justly, for we are getting what our deeds deserve. But this man has done nothing wrong.""  ||  [Matthew] About the ninth hour Jesus cried out in a loud voice, ""Eloi, Eloi, lama sabachthani?""--which means, ""My God, my God, why have you forsaken me?"" When some of those standing there heard this, they said, ""He's calling Elijah.""  ||  [Mark] And at the ninth hour Jesus cried out in a loud voice, ""Eloi, Eloi, lama sabachthani?""--which means, ""My God, my God, why have you forsaken me?""  ||  [John] Near the cross of Jesus stood his mother, his mother's sister, Mary the wife of Clopas, and Mary Magdalene.","Near the cross of Jesus, at the ninth hour, he cried out in a loud voice, “Eloi, Eloi, lama sabachthani?”--which means, “My God, my God, why have you forsaken me?”. Some of those standing there said, ""He's calling Elijah,” while another criminal rebuked him, saying, “Don’t you fear God, since you are under the same sentence? We are punished justly, for we are getting what our deeds deserve. But this man has done nothing wrong.” Near the cross stood his mother, his mother’s sister, Mary the wife of Clopas, and Mary Magdalene.",,,,
E211:c211,211,1,yes,john,John John 19:26-27; Matthew Matthew 27:48-49; Mark Mark 15:35-37,"[John] When Jesus saw his mother there, and the disciple whom he loved standing nearby, he said to his mother, ""Dear woman, here is your son,"" and to the disciple, ""Here is your mother."" From that time on, this disciple took her into his home.  ||  [Matthew] Immediately one of them ran and got a sponge. He filled it with wine vinegar, put it on a stick, and offered it to Jesus to drink. The rest said, ""Now leave him alone. Let's see if Elijah comes to save him.""  ||  [Mark] When some of those standing near heard this, they said, ""Listen, he's calling Elijah."" One man ran, filled a sponge with wine vinegar, put it on a stick, and offered it to Jesus to drink. ""Now leave him alone. Let's see if Elijah comes to take him down,"" he said. With a loud cry, Jesus breathed his last.","When Jesus saw his mother there, and the disciple whom he loved standing nearby, he said to his mother, “Dear woman, here is your son,” and to the disciple, “Here is your mother.” Immediately one of them ran and got a sponge. He filled it with wine vinegar, put it on a stick, and offered it to Jesus to drink. The rest said, ""Now leave him alone. Let's see if Elijah comes to save him."" Some of those standing near heard this, they said, “Listen, he’s calling Elijah.” With a loud cry, Jesus breathed his last. From that time on, this disciple took her into his home.",,,,
E212:c212,212,0,yes,luke,Luke Luke 23:42-43; Matthew Matthew 27:50; John John 19:28-29,"[Luke] Then he said, ""Jesus, remember me when you come into your kingdom. "" Jesus answered him, ""I tell you the truth, today you will be with me in paradise.""  ||  [Matthew] And when Jesus had cried out again in a loud voice, he gave up his spirit.  ||  [John] Later, knowing that all was now completed, and so that the Scripture would be fulfilled, Jesus said, ""I am thirsty."" A jar of wine vinegar was there, so they soaked a sponge in it, put the sponge on a stalk of the hyssop plant, and lifted it to Jesus' lips.","Then he said, “Jesus, remember me when you come into your kingdom,” and Jesus answered him, “I tell you the truth, today you will be with me in paradise.” And when Jesus had cried out again in a loud voice, he gave up his spirit. Later, knowing that all was now completed, and so that the Scripture would be fulfilled, Jesus said, “I am thirsty,” a jar of wine vinegar was there, so they soaked a sponge in it, put the sponge on a stalk of the hyssop plant, and lifted it to Jesus’ lips.",,,,
E213:c213,213,0,,luke,Luke Luke 23:44-45; Matthew Matthew 27:51-52; Mark Mark 15:38,"[Luke] It was now about the sixth hour, and darkness came over the whole land until the ninth hour, for the sun stopped shining. And the curtain of the temple was torn in two.  ||  [Matthew] At that moment the curtain of the temple was torn in two from top to bottom. The earth shook and the rocks split. The tombs broke open and the bodies of many holy people who had died were raised to life.  ||  [Mark] The curtain of the temple was torn in two from top to bottom.","It was now about the sixth hour, and darkness came over the whole land until the ninth hour, for the sun stopped shining. The curtain of the temple was torn in two from top to bottom, and at that moment the earth shook and the rocks split. The tombs broke open and the bodies of many holy people who had died were raised to life.",,,,
E214:c214,214,0,yes,mark,Mark Mark 15:39; Matthew Matthew 27:53; Luke Luke 23:46-47; John John 19:30,"[Mark] And when the centurion, who stood there in front of Jesus, heard his cry and saw how he died, he said, ""Surely this man was the Son of God!""  ||  [Matthew] They came out of the tombs, and after Jesus' resurrection they went into the holy city and appeared to many people.  ||  [Luke] Jesus called out with a loud voice, ""Father, into your hands I commit my spirit."" When he had said this, he breathed his last. The centurion, seeing what had happened, praised God and said, ""Surely this was a righteous man.""  ||  [John] When he had received the drink, Jesus said, ""It is finished."" With that, he bowed his head and gave up his spirit.","When the centurion, who stood there in front of Jesus, heard his cry and saw how he died, he said, “Surely this man was the Son of God!” After Jesus called out with a loud voice, ""Father, into your hands I commit my spirit,” he had said this, he breathed his last. When he had received the drink, Jesus said, “It is finished.” With that, he bowed his head and gave up his spirit. They came out of the tombs, and after Jesus’ resurrection they went into the holy city and appeared to many people. The centurion, seeing what had happened, praised God and said, “Surely this was a righteous man.”",,,,
E215:c215,215,1,yes,john,John John 19:31; John 19:32,"[John] Now it was the day of Preparation, and the next day was to be a special Sabbath. Because the Jews did not want the bodies left on the crosses during the Sabbath, they asked Pilate to have the legs broken and the bodies taken down. The soldiers therefore came and broke the legs of the first man who had been crucified with Jesus, and then those of the other.","Now it was the day of Preparation, and the next day was to be a special Sabbath; because the Jews did not want the bodies left on the crosses during the Sabbath, they asked Pilate to have the legs broken and the bodies taken down. The soldiers therefore came and broke the legs of the first man who had been crucified with Jesus, and then those of the other.",,,,
E216:c216,216,0,yes,mark,Mark Mark 15:40; Mark 15:41; John John 19:33-37; Luke Luke 23:48; Luke 23:49; Matthew Matthew 27:54-55,"[Mark] Some women were watching from a distance. Among them were Mary Magdalene, Mary the mother of James the younger and of Joses, and Salome. In Galilee these women had followed him and cared for his needs. Many other women who had come up with him to Jerusalem were also there.  ||  [John] But when they came to Jesus and found that he was already dead, they did not break his legs. Instead, one of the soldiers pierced Jesus' side with a spear, bringing a sudden flow of blood and water. The man who saw it has given testimony, and his testimony is true. He knows that he tells the truth, and he testifies so that you also may believe. These things happened so that the scripture would be fulfilled: ""Not one of his bones will be broken,"" and, as another scripture says, ""They will look on the one they have pierced.""  ||  [Luke] When all the people who had gathered to witness this sight saw what took place, they beat their breasts and went away. But all those who knew him, including the women who had followed him from Galilee, stood at a distance, watching these things.  ||  [Matthew] When the centurion and those with him who were guarding Jesus saw the earthquake and all that had happened, they were terrified, and exclaimed, ""Surely he was the Son of God!"" Many women were there, watching from a distance. They had followed Jesus from Galilee to care for his needs.","When the centurion and those with him who were guarding Jesus saw the earthquake and all that had happened, they were terrified, and exclaimed “Surely he was the Son of God!” Many women were there, watching from a distance; among them were Mary Magdalene, Mary the mother of James the younger and of Joses, and Salome. These women, who had followed him and cared for his needs in Galilee, and many other women who had come up with him to Jerusalem, stood at a distance, watching these things. But when they came to Jesus and found that he was already dead, they did not break his legs. Instead, one of the soldiers pierced Jesus’ side with a spear, bringing a sudden flow of blood and water. The man who saw it has given testimony, and his testimony is true. He knows that he tells the truth, and he testifies so that you also may believe. When all the people who had gathered to witness this sight saw what took place, they beat their breasts and went away.",,,,
E217:c217,217,0,,matthew,Matthew Matthew 27:56,"[Matthew] Among them were Mary Magdalene, Mary the mother of James and Joses, and the mother of Zebedee's sons.","Among those present were Mary Magdalene, Mary the mother of James and Joses, and the mother of Zebedee’s sons.",,,,
E218:c218,218,0,yes,luke,Luke Luke 23:50-51; Matthew Matthew 27:57-60; Mark Mark 15:42-44; John John 19:38-41,"[Luke] Now there was a man named Joseph, a member of the Council, a good and upright man, who had not consented to their decision and action. He came from the Judean town of Arimathea and he was waiting for the kingdom of God.  ||  [Matthew] As evening approached, there came a rich man from Arimathea, named Joseph, who had himself become a disciple of Jesus. Going to Pilate, he asked for Jesus' body, and Pilate ordered that it be given to him. Joseph took the body, wrapped it in a clean linen cloth, and placed it in his own new tomb that he had cut out of the rock. He rolled a big stone in front of the entrance to the tomb and went away.  ||  [Mark] It was Preparation Day (that is, the day before the Sabbath). So as evening approached, Joseph of Arimathea, a prominent member of the Council, who was himself waiting for the kingdom of God, went boldly to Pilate and asked for Jesus' body. Pilate was surprised to hear that he was already dead. Summoning the centurion, he asked him if Jesus had already died.  ||  [John] Later, Joseph of Arimathea asked Pilate for the body of Jesus. Now Joseph was a disciple of Jesus, but secretly because he feared the Jews. With Pilate's permission, he came and took the body away. He was accompanied by Nicodemus, the man who earlier had visited Jesus at night. Nicodemus brought a mixture of myrrh and aloes, about seventy-five pounds. Taking Jesus' body, the two of them wrapped it, with the spices, in strips of linen. This was in accordance with Jewish burial customs. At the place where Jesus was crucified, there was a garden, and in the garden a new tomb, in which no one had ever been laid.","Now there was a man named Joseph, a member of the Council from the Judean town of Arimathea who had not consented to their decision and action, and who was waiting for the kingdom of God. As evening approached on Preparation Day, Joseph boldly went to Pilate and asked for Jesus’ body, surprising Pilate who was then surprised to hear that Jesus was already dead, summoning a centurion to confirm this. A rich man named Joseph, himself having become a disciple of Jesus, went to Pilate and asked for Jesus' body, and with Pilate’s permission he took the body away, accompanied by Nicodemus, who brought seventy-five pounds of myrrh and aloes, and together they wrapped it in clean linen strips, placing it in his own new tomb that he had cut out of the rock, rolling a big stone in front of the entrance.",,,,
E219:c219,219,0,yes,matthew,Matthew Matthew 27:61; Luke Luke 23:52; Mark Mark 15:45,"[Matthew] Mary Magdalene and the other Mary were sitting there opposite the tomb.  ||  [Luke] Going to Pilate, he asked for Jesus' body.  ||  [Mark] When he learned from the centurion that it was so, he gave the body to Joseph.","Mary Magdalene and the other Mary were sitting there opposite the tomb when going to Pilate, he asked for Jesus’ body; and when he learned from the centurion that it was so, he gave the body to Joseph.",,,,
E220:c220,220,0,,matthew,Matthew Matthew 27:62; Matthew 27:63; Mark Mark 15:46; Luke Luke 23:53,"[Matthew] The next day, the one after Preparation Day, the chief priests and the Pharisees went to Pilate. ""Sir,"" they said, ""we remember that while he was still alive that deceiver said, 'After three days I will rise again.'  ||  [Mark] So Joseph bought some linen cloth, took down the body, wrapped it in the linen, and placed it in a tomb cut out of rock. Then he rolled a stone against the entrance of the tomb.  ||  [Luke] Then he took it down, wrapped it in linen cloth and placed it in a tomb cut in the rock, one in which no one had yet been laid.","The next day, after Preparation Day, the chief priests and the Pharisees went to Pilate. “Sir,” they said, “we remember that while he was still alive that deceiver said, ‘After three days I will rise again.’ So Joseph bought some linen cloth, took down the body, wrapped it in the linen, and placed it in a tomb cut out of rock. Then he rolled a stone against the entrance of the tomb. Then he took it down, wrapped it in linen cloth and placed it in a tomb cut in the rock, one in which no one had yet been laid.”",,,,
E221:c221,221,0,yes,matthew,Matthew Matthew 27:64-66,"[Matthew] So give the order for the tomb to be made secure until the third day. Otherwise, his disciples may come and steal the body and tell the people that he has been raised from the dead. This last deception will be worse than the first."" ""Take a guard,"" Pilate answered. ""Go, make the tomb as secure as you know how."" So they went and made the tomb secure by putting a seal on the stone and posting the guard.","So give the order for the tomb to be made secure until the third day; otherwise, his disciples may come and steal the body and tell the people that he has been raised from the dead, this last deception will be worse than the first. “Take a guard,” Pilate answered, “Go, make the tomb as secure as you know how.” So they went and made the tomb secure by putting a seal on the stone and posting the guard.",,,,
E222:c222,222,0,,luke,Luke Luke 23:54-55; Matthew Matthew 28:1-6; Mark Mark 15:47; John John 19:42,"[Luke] It was Preparation Day, and the Sabbath was about to begin. The women who had come with Jesus from Galilee followed Joseph and saw the tomb and how his body was laid in it.  ||  [Matthew] After the Sabbath, at dawn on the first day of the week, Mary Magdalene and the other Mary went to look at the tomb. There was a violent earthquake, for an angel of the Lord came down from heaven and, going to the tomb, rolled back the stone and sat on it. His appearance was like lightning, and his clothes were white as snow. The guards were so afraid of him that they shook and became like dead men. The angel said to the women, ""Do not be afraid, for I know that you are looking for Jesus, who was crucified. He is not here; he has risen, just as he said. Come and see the place where he lay.  ||  [Mark] Mary Magdalene and Mary the mother of Joses saw where he was laid.  ||  [John] Because it was the Jewish day of Preparation and since the tomb was nearby, they laid Jesus there.","It was Preparation Day, and the Sabbath was about to begin. The women who had come with Jesus from Galilee followed Joseph and saw the tomb and how his body was laid in it. After the Sabbath, at dawn on the first day of the week, Mary Magdalene and the other Mary went to look at the tomb. Because it was the Jewish day of Preparation and since the tomb was nearby, they laid Jesus there. There was a violent earthquake, for an angel of the Lord came down from heaven and, going to the tomb, rolled back the stone and sat on it. His appearance was like lightning, and his clothes were white as snow. The guards were so afraid of him that they shook and became like dead men. Mary Magdalene and Mary the mother of Joses saw where he was laid. The angel said to the women, ""Do not be afraid, for I know that you are looking for Jesus, who was crucified. He is not here; he has risen, just as he said. Come and see the place where he lay.”",,,,
E223:c223,223,1,,luke,Luke Luke 23:56; Mark Mark 16:1,"[Luke] Then they went home and prepared spices and perfumes. But they rested on the Sabbath in obedience to the commandment.  ||  [Mark] When the Sabbath was over, Mary Magdalene, Mary the mother of James, and Salome bought spices so that they might go to anoint Jesus' body.","When the Sabbath was over, Mary Magdalene, Mary the mother of James, and Salome went home and prepared spices and perfumes, and rested on the Sabbath in obedience to the commandment. They then bought spices so that they might go to anoint Jesus’ body.",,,,
E224:c224,224,2,yes,luke,Luke Luke 24:1-2; Mark Mark 16:2-3; John John 20:1-5,"[Luke] On the first day of the week, very early in the morning, the women took the spices they had prepared and went to the tomb. They found the stone rolled away from the tomb,  ||  [Mark] Very early on the first day of the week, just after sunrise, they were on their way to the tomb and they asked each other, ""Who will roll the stone away from the entrance of the tomb?""  ||  [John] Early on the first day of the week, while it was still dark, Mary Magdalene went to the tomb and saw that the stone had been removed from the entrance. So she came running to Simon Peter and the other disciple, the one Jesus loved, and said, ""They have taken the Lord out of the tomb, and we don't know where they have put him!"" So Peter and the other disciple started for the tomb. Both were running, but the other disciple outran Peter and reached the tomb first. He bent over and looked in at the strips of linen lying there but did not go in.","On the first day of the week, very early in the morning while it was still dark, Mary Magdalene went to the tomb and saw that the stone had been removed from the entrance; she came running to Simon Peter and the other disciple, the one Jesus loved, and said, “They have taken the Lord out of the tomb, and we don’t know where they have put him!” Just after sunrise, very early on the first day of the week, the women took the spices they had prepared and went to the tomb. They found the stone rolled away from the tomb, and just as they were doing this, they asked each other, “Who will roll the stone away from the entrance of the tomb?” Peter and the other disciple started for the tomb, both running, but the other disciple outran Peter and reached the tomb first; he bent over and looked in at the strips of linen lying there but did not go in.",,,,
E225:c225,225,2,,luke,Luke Luke 24:3-6,"[Luke] but when they entered, they did not find the body of the Lord Jesus. While they were wondering about this, suddenly two men in clothes that gleamed like lightning stood beside them. In their fright the women bowed down with their faces to the ground, but the men said to them, ""Why do you look for the living among the dead? He is not here; he has risen! Remember how he told you, while he was still with you in Galilee:","But when they entered the room, they did not find the body of the Lord Jesus. While they were wondering about this, suddenly two men in clothes that gleamed like lightning stood beside them. In their fright the women bowed down with their faces to the ground, but the men said to them, “Why do you look for the living among the dead? He is not here; he has risen! Remember how he told you, while he was still with you in Galilee:",,,,
E226:c226,226,2,yes,luke,Luke Luke 24:7; Luke 24:8,"[Luke] 'The Son of Man must be delivered into the hands of sinful men, be crucified and on the third day be raised again.'"" Then they remembered his words.","The Son of Man must be delivered into the hands of sinful men, be crucified and on the third day be raised again. Then they remembered his words.",,,,
E227:c227,227,2,,luke,Luke Luke 24:9,"[Luke] When they came back from the tomb, they told all these things to the Eleven and to all the others.","When they returned from the tomb, they recounted all of these things to the Eleven and to all of the others.",,,,
E228:c228,228,2,,luke,Luke Luke 24:10-11,"[Luke] It was Mary Magdalene, Joanna, Mary the mother of James, and the others with them who told this to the apostles. But they did not believe the women, because their words seemed to them like nonsense.","It was Mary Magdalene, Joanna, Mary the mother of James, and the others with them who told this to the apostles. But they did not believe the women, because their words seemed to them like nonsense.",,,,
E229:c229,229,2,yes,luke,Luke Luke 24:12; John John 20:6,"[Luke] Peter, however, got up and ran to the tomb. Bending over, he saw the strips of linen lying by themselves, and he went away, wondering to himself what had happened.  ||  [John] Then Simon Peter, who was behind him, arrived and went into the tomb. He saw the strips of linen lying there,","Peter, however, got up and ran to the tomb, and then Simon Peter, who was behind him, arrived and went into the tomb. Bending over, he saw the strips of linen lying by themselves, and he went away, wondering to himself what had happened; and simultaneously, he saw the strips of linen lying there.",,,,
E230:c230,230,2,,luke,Luke Luke 24:13-18,"[Luke] Now that same day two of them were going to a village called Emmaus, about seven miles from Jerusalem. They were talking with each other about everything that had happened. As they talked and discussed these things with each other, Jesus himself came up and walked along with them; but they were kept from recognizing him. He asked them, ""What are you discussing together as you walk along?"" They stood still, their faces downcast. One of them, named Cleopas, asked him, ""Are you only a visitor to Jerusalem and do not know the things that have happened there in these days?""","Now that same day two of them were going to a village called Emmaus, about seven miles from Jerusalem, and they were talking with each other about everything that had happened. As they talked and discussed these things with each other, Jesus himself came up and walked along with them; but they were kept from recognizing him. He asked them, “What are you discussing together as you walk along?” They stood still, their faces downcast, and one of them, named Cleopas, asked him, “Are you only a visitor to Jerusalem and do not know the things that have happened there in these days?”",,,,
E231:c231,231,2,,luke,Luke Luke 24:19; Luke 24:20,"[Luke] ""What things?"" he asked. ""About Jesus of Nazareth,"" they replied. ""He was a prophet, powerful in word and deed before God and all the people. The chief priests and our rulers handed him over to be sentenced to death, and they crucified him;","“What things?” he asked. “About Jesus of Nazareth,” they replied. He was a prophet, powerful in word and deed before God and all the people, and the chief priests and our rulers handed him over to be sentenced to death, and they crucified him.",,,,
E232:c232,232,2,yes,luke,Luke Luke 24:21; John John 20:7,"[Luke] but we had hoped that he was the one who was going to redeem Israel. And what is more, it is the third day since all this took place.  ||  [John] as well as the burial cloth that had been around Jesus' head. The cloth was folded up by itself, separate from the linen.","But we had hoped that he was the one who was going to redeem Israel, and it is the third day since all this took place; during which time a burial cloth had been around Jesus’ head, and the cloth was folded up by itself, separate from the linen.",,,,
E233:c233,233,2,,luke,Luke Luke 24:22-23,"[Luke] In addition, some of our women amazed us. They went to the tomb early this morning but didn't find his body. They came and told us that they had seen a vision of angels, who said he was alive.","In addition, some of our women amazed us; they went to the tomb early this morning but didn’t find his body. They came and told us that they had seen a vision of angels, who said he was alive.",,,,
E234:c234,234,2,,john,John John 20:8-9; Mark Mark 16:4-6; Luke Luke 24:24-25,"[John] Finally the other disciple, who had reached the tomb first, also went inside. He saw and believed. (They still did not understand from Scripture that Jesus had to rise from the dead.)  ||  [Mark] But when they looked up, they saw that the stone, which was very large, had been rolled away. As they entered the tomb, they saw a young man dressed in a white robe sitting on the right side, and they were alarmed. ""Don't be alarmed,"" he said. ""You are looking for Jesus the Nazarene, who was crucified. He has risen! He is not here. See the place where they laid him.  ||  [Luke] Then some of our companions went to the tomb and found it just as the women had said, but him they did not see."" He said to them, ""How foolish you are, and how slow of heart to believe all that the prophets have spoken!","Finally the other disciple, who had reached the tomb first, also went inside and saw and believed. As they entered the tomb, they saw a young man dressed in a white robe sitting on the right side, and he said “Don’t be alarmed,” “You are looking for Jesus the Nazarene, who was crucified. He has risen! He is not here. See the place where they laid him.” Then some of our companions went to the tomb and found it just as the women had said, but him they did not see. They still did not understand from Scripture that Jesus had to rise from the dead, and he said to them “How foolish you are, and how slow of heart to believe all that the prophets have spoken!”",,,,
E235:c235,235,2,,luke,Luke Luke 24:26-28,"[Luke] Did not the Christ have to suffer these things and then enter his glory?"" And beginning with Moses and all the Prophets, he explained to them what was said in all the Scriptures concerning himself. As they approached the village to which they were going, Jesus acted as if he were going farther.","As Jesus did not have to suffer these things and then enter his glory, he began with Moses and all the Prophets, explaining to them what was said in all the Scriptures concerning himself. As they approached the village to which they were going, Jesus acted as if he were going farther.",,,,
E236:c236,236,2,,luke,Luke Luke 24:29; Luke 24:30,"[Luke] But they urged him strongly, ""Stay with us, for it is nearly evening; the day is almost over."" So he went in to stay with them. When he was at the table with them, he took bread, gave thanks, broke it and began to give it to them.","They urged him strongly, “Stay with us, for it is nearly evening; the day is almost over,” so he went in to stay with them. When he was at the table with them, he took bread, gave thanks, broke it and began to give it to them.",,,,
E237:c237,237,2,,luke,Luke Luke 24:31-32,"[Luke] Then their eyes were opened and they recognized him, and he disappeared from their sight. They asked each other, ""Were not our hearts burning within us while he talked with us on the road and opened the Scriptures to us?""","Then their eyes were opened and they recognized him, and he disappeared from their sight. They asked each other, “Were not our hearts burning within us while he talked with us on the road and opened the Scriptures to us?”",,,,
E238:c238,238,1,yes,matthew,Matthew Matthew 28:7-9; Luke Luke 24:33; John John 20:10; John 20:11,"[Matthew] Then go quickly and tell his disciples: 'He has risen from the dead and is going ahead of you into Galilee. There you will see him.' Now I have told you."" So the women hurried away from the tomb, afraid yet filled with joy, and ran to tell his disciples. Suddenly Jesus met them. ""Greetings,"" he said. They came to him, clasped his feet and worshiped him.  ||  [Luke] They got up and returned at once to Jerusalem. There they found the Eleven and those with them, assembled together  ||  [John] Then the disciples went back to their homes, but Mary stood outside the tomb crying. As she wept, she bent over to look into the tomb","Then the women hurried away from the tomb, afraid yet filled with joy, and ran to tell his disciples: ‘He has risen from the dead and is going ahead of you into Galilee. There you will see him.’ So the women went back to Jerusalem where they found the Eleven and those with them assembled together. Suddenly Jesus met them, “Greetings,” he said. They came to him, clasped his feet and worshiped him. Meanwhile, Mary stood outside the tomb crying as she bent over to look into the tomb.",,,,
E239:c239,239,2,yes,luke,Luke Luke 24:34; Matthew Matthew 28:10; Mark Mark 16:7-8; John John 20:12,"[Luke] and saying, ""It is true! The Lord has risen and has appeared to Simon.""  ||  [Matthew] Then Jesus said to them, ""Do not be afraid. Go and tell my brothers to go to Galilee; there they will see me.""  ||  [Mark] But go, tell his disciples and Peter, 'He is going ahead of you into Galilee. There you will see him, just as he told you.'"" Trembling and bewildered, the women went out and fled from the tomb. They said nothing to anyone, because they were afraid.  ||  [John] and saw two angels in white, seated where Jesus' body had been, one at the head and the other at the foot.","The women, trembling and bewildered, went out from the tomb and saw two angels in white, one seated at the head and the other at the foot of where Jesus’ body had been. Then Jesus said to them, “Do not be afraid. Go and tell my brothers to go to Galilee; there they will see me.” And saying, ""It is true! The Lord has risen and has appeared to Simon,"" they fled from the tomb, speaking nothing to anyone because they were afraid. But go, tell his disciples and Peter, 'He is going ahead of you into Galilee. There you will see him, just as he told you.'""",,,,
E240:c240,240,2,,mark,Mark Mark 16:9-10,"[Mark] When Jesus rose early on the first day of the week, he appeared first to Mary Magdalene, out of whom he had driven seven demons. She went and told those who had been with him and who were mourning and weeping.","When Jesus rose early on the first day of the week, he appeared first to Mary Magdalene, out of whom he had driven seven demons. She went and told those who had been with him and who were mourning and weeping.",,,,
E241:c241,241,2,yes,mark,Mark Mark 16:11; Luke Luke 24:35-39; John John 20:13-18,"[Mark] When they heard that Jesus was alive and that she had seen him, they did not believe it.  ||  [Luke] Then the two told what had happened on the way, and how Jesus was recognized by them when he broke the bread. While they were still talking about this, Jesus himself stood among them and said to them, ""Peace be with you."" They were startled and frightened, thinking they saw a ghost. He said to them, ""Why are you troubled, and why do doubts rise in your minds? Look at my hands and my feet. It is I myself! Touch me and see; a ghost does not have flesh and bones, as you see I have.""  ||  [John] They asked her, ""Woman, why are you crying?"" ""They have taken my Lord away,"" she said, ""and I don't know where they have put him."" At this, she turned around and saw Jesus standing there, but she did not realize that it was Jesus. ""Woman,"" he said, ""why are you crying? Who is it you are looking for?"" Thinking he was the gardener, she said, ""Sir, if you have carried him away, tell me where you have put him, and I will get him."" Jesus said to her, ""Mary."" She turned toward him and cried out in Aramaic, ""Rabboni!"" (which means Teacher). Jesus said, ""Do not hold on to me, for I have not yet returned to the Father. Go instead to my brothers and tell them, 'I am returning to my Father and your Father, to my God and your God.'"" Mary Magdalene went to the disciples with the news: ""I have seen the Lord!"" And she told them that he had said these things to her.","When they heard that Jesus was alive and that she had seen him, they did not believe it. Then the two told what had happened on the way, and how Jesus was recognized by them when he broke the bread, while they were still talking about this, Jesus himself stood among them and said to them, “Peace be with you.” They were startled and frightened, thinking they saw a ghost, and he said to them, ""Why are you troubled, and why do doubts rise in your minds? Look at my hands and my feet. It is I myself! Touch me and see; a ghost does not have flesh and bones, as you see I have.” They asked her, “Woman, why are you crying?” “They have taken my Lord away,” she said, “and I don't know where they have put him.” At this, she turned around and saw Jesus standing there, but she did not realize that it was Jesus. ""Woman,"" he said, ""why are you crying? Who is it you are looking for?"" Thinking he was the gardener, she said, ""Sir, if you have carried him away, tell me where you have put him, and I will get him.” Jesus said to her, “Mary.” She turned toward",,,,
E242:c242,242,2,yes,mark,Mark Mark 16:12-13; Matthew Matthew 28:11; Matthew 28:12; John John 20:19,"[Mark] Afterward Jesus appeared in a different form to two of them while they were walking in the country. These returned and reported it to the rest; but they did not believe them either.  ||  [Matthew] While the women were on their way, some of the guards went into the city and reported to the chief priests everything that had happened. When the chief priests had met with the elders and devised a plan, they gave the soldiers a large sum of money,  ||  [John] On the evening of that first day of the week, when the disciples were together, with the doors locked for fear of the Jews, Jesus came and stood among them and said, ""Peace be with you!""","On the evening of that first day of the week, when the disciples were together, with the doors locked for fear of the Jews, Jesus appeared in a different form to two of them while they were walking in the country, and after this, these returned and reported it to the rest; but they did not believe them either. Meanwhile, while the women were on their way, some of the guards went into the city and reported to the chief priests everything that had happened, and when the chief priests had met with the elders and devised a plan, they gave the soldiers a large sum of money. Subsequently, Jesus came and stood among them and said, “Peace be with you!”",,,,
E243:c243,243,2,yes,john,John John 20:20-23; Matthew Matthew 28:13; Matthew 28:14,"[John] After he said this, he showed them his hands and side. The disciples were overjoyed when they saw the Lord. Again Jesus said, ""Peace be with you! As the Father has sent me, I am sending you."" And with that he breathed on them and said, ""Receive the Holy Spirit. If you forgive anyone his sins, they are forgiven; if you do not forgive them, they are not forgiven.""  ||  [Matthew] telling them, ""You are to say, 'His disciples came during the night and stole him away while we were asleep.' If this report gets to the governor, we will satisfy him and keep you out of trouble.""","After he said this, he showed them his hands and side. The disciples were overjoyed when they saw the Lord. Again Jesus said, “Peace be with you! As the Father has sent me, I am sending you,” and with that he breathed on them and said, “Receive the Holy Spirit. If you forgive anyone his sins, they are forgiven; if you do not forgive them, they are not forgiven.” Telling them, “You are to say, ‘His disciples came during the night and stole him away while we were asleep,’” and if this report gets to the governor, they would satisfy him and keep them out of trouble.",,,,
E244:c244,244,2,yes,luke,Luke Luke 24:40-44; Matthew Matthew 28:15; Matthew 28:16; Mark Mark 16:14-17; John John 20:24-25,"[Luke] When he had said this, he showed them his hands and feet. And while they still did not believe it because of joy and amazement, he asked them, ""Do you have anything here to eat?"" They gave him a piece of broiled fish, and he took it and ate it in their presence. He said to them, ""This is what I told you while I was still with you: Everything must be fulfilled that is written about me in the Law of Moses, the Prophets and the Psalms.""  ||  [Matthew] So the soldiers took the money and did as they were instructed. And this story has been widely circulated among the Jews to this very day. Then the eleven disciples went to Galilee, to the mountain where Jesus had told them to go.  ||  [Mark] Later Jesus appeared to the Eleven as they were eating; he rebuked them for their lack of faith and their stubborn refusal to believe those who had seen him after he had risen. He said to them, ""Go into all the world and preach the good news to all creation. Whoever believes and is baptized will be saved, but whoever does not believe will be condemned. And these signs will accompany those who believe: In my name they will drive out demons; they will speak in new tongues;  ||  [John] Now Thomas (called Didymus), one of the Twelve, was not with the disciples when Jesus came. So the other disciples told him, ""We have seen the Lord!"" But he said to them, ""Unless I see the nail marks in his hands and put my finger where the nails were, and put my hand into his side, I will not believe it.""","When he had said this, he showed them his hands and feet, and while they still did not believe it because of joy and amazement, he asked them if they had anything to eat, and they gave him a piece of broiled fish which he took and ate in their presence, saying that everything must be fulfilled that is written about him in the Law of Moses, the Prophets and the Psalms. The soldiers took the money and did as they were instructed, and this story has been widely circulated among the Jews to this very day. Later Jesus appeared to the Eleven as they were eating; he rebuked them for their lack of faith and their stubborn refusal to believe those who had seen him after he had risen, and said to them “Go into all the world and preach the good news to all creation,” while Thomas (called Didymus), one of the Twelve, was not with the disciples when Jesus came, and the other disciples told him that they had seen the Lord! But he said to them, ""Unless I see the nail marks in his hands and put my finger where the nails were, and put my hand into his side, I will not believe it.” The eleven disciples then went to Galilee, to the mountain where Jesus had told them to go.",,,,
E245:c245,245,2,yes,luke,Luke Luke 24:45; Mark Mark 16:18; Mark 16:19; Matthew Matthew 28:17; John John 20:26,"[Luke] Then he opened their minds so they could understand the Scriptures.  ||  [Mark] they will pick up snakes with their hands; and when they drink deadly poison, it will not hurt them at all; they will place their hands on sick people, and they will get well."" After the Lord Jesus had spoken to them, he was taken up into heaven and he sat at the right hand of God.  ||  [Matthew] When they saw him, they worshiped him; but some doubted.  ||  [John] A week later his disciples were in the house again, and Thomas was with them. Though the doors were locked, Jesus came and stood among them and said, ""Peace be with you!""","Then he opened their minds so they could understand the Scriptures, and after the Lord Jesus had spoken to them, they will pick up snakes with their hands; and when they drink deadly poison, it will not hurt them at all; they will place their hands on sick people, and they will get well. When they saw him, they worshiped him; but some doubted. A week later his disciples were in the house again, and Thomas was with them, though the doors were locked, Jesus came and stood among them and said, “Peace be with you!” After that, he was taken up into heaven and he sat at the right hand of God.",,,,
E246:c246,246,2,,john,John John 20:27-28,"[John] Then he said to Thomas, ""Put your finger here; see my hands. Reach out your hand and put it into my side. Stop doubting and believe."" Thomas said to him, ""My Lord and my God!""","Then he said to Thomas, “Put your finger here; see my hands. Reach out your hand and put it into my side. Stop doubting and believe.” Thomas said to him, “My Lord and my God!”",,,,
E247:c247,247,2,yes,mark,Mark Mark 16:20; Matthew Matthew 28:18-20; Luke Luke 24:46-49; John John 20:29-31,"[Mark] Then the disciples went out and preached everywhere, and the Lord worked with them and confirmed his word by the signs that accompanied it.  ||  [Matthew] Then Jesus came to them and said, ""All authority in heaven and on earth has been given to me. Therefore go and make disciples of all nations, baptizing them in the name of the Father and of the Son and of the Holy Spirit, and teaching them to obey everything I have commanded you. And surely I am with you always, to the very end of the age.""  ||  [Luke] He told them, ""This is what is written: The Christ will suffer and rise from the dead on the third day, and repentance and forgiveness of sins will be preached in his name to all nations, beginning at Jerusalem. You are witnesses of these things. I am going to send you what my Father has promised; but stay in the city until you have been clothed with power from on high.""  ||  [John] Then Jesus told him, ""Because you have seen me, you have believed; blessed are those who have not seen and yet have believed."" Jesus did many other miraculous signs in the presence of his disciples, which are not recorded in this book. But these are written that you may believe that Jesus is the Christ, the Son of God, and that by believing you may have life in his name.","Then the disciples went out and preached everywhere, and the Lord worked with them and confirmed his word by the signs that accompanied it. Then Jesus came to them and said, “All authority in heaven and on earth has been given to me. Therefore go and make disciples of all nations, baptizing them in the name of the Father and of the Son and of the Holy Spirit, and teaching them to obey everything I have commanded you. And surely I am with you always, to the very end of the age.” He told them, “This is what is written: The Christ will suffer and rise from the dead on the third day, and repentance and forgiveness of sins will be preached in his name to all nations, beginning at Jerusalem. You are witnesses of these things. I am going to send you what my Father has promised; but stay in the city until you have been clothed with power from on high.” Because you have seen me, you have believed; blessed are those who have not seen and yet have believed. Jesus did many other miraculous signs in the presence of his disciples, which are not recorded in this book.",,,,
E248:c248,248,2,,luke,Luke Luke 24:50-51,"[Luke] When he had led them out to the vicinity of Bethany, he lifted up his hands and blessed them. While he was blessing them, he left them and was taken up into heaven.","When he had led them out to the vicinity of Bethany, he lifted up his hands and blessed them; while he was blessing them, he left them and was taken up into heaven.",,,,
E249:c249,249,2,,luke,Luke Luke 24:52-53,"[Luke] Then they worshiped him and returned to Jerusalem with great joy. And they stayed continually at the temple, praising God.","Then they worshipped him and returned to Jerusalem with great joy, and they stayed continually at the temple, praising God.",,,,
