{
  "rouge1": {
    "precision": 0.47544420567115675,
    "recall": 0.9806486486486486,
    "f1": 0.6404038264675773
  },
  "rouge2": {
    "precision": 0.40413041199287136,
    "recall": 0.8336036328251702,
    "f1": 0.5443569739118156
  },
  "rougeL": {
    "precision": 0.21887939619476912,
    "recall": 0.4514594594594595,
    "f1": 0.2948215609446151
  }
}